"","height","width","top_left_jaw_x","top_left_jaw_y","top_left_jaw_2_x","top_left_jaw_2_y","mid_left_jaw_x","mid_left_jaw_y","mid_left_jaw_2_x","mid_left_jaw_2_y","mid_left_jaw_3_x","mid_left_jaw_3_y","bot_left_jaw_x","bot_left_jaw_y","top_left_chin_x","top_left_chin_y","mid_left_chin_x","mid_left_chin_y","bot_chin_x","bot_chin_y","mid_right_chin_x","mid_right_chin_y","top_right_chin_x","top_right_chin_y","bot_right_jaw_x","bot_right_jaw_y","mid_right_jaw_3_x","mid_right_jaw_3_y","mid_right_jaw_2_x","mid_right_jaw_2_y","mid_right_jaw_x","mid_right_jaw_y","top_right_jaw_2_x","top_right_jaw_2_y","top_right_jaw_x","top_right_jaw_y","outer_left_eyebrow_x","outer_left_eyebrow_y","mid_left_eyebrow_x","mid_left_eyebrow_y","mid_left_eyebrow_2_x","mid_left_eyebrow_2_y","mid_left_eyebrow_3_x","mid_left_eyebrow_3_y","inner_left_eyebrow_x","inner_left_eyebrow_y","inner_right_eyebrow_x","inner_right_eyebrow_y","mid_right_eyebrow_3_x","mid_right_eyebrow_3_y","mid_right_eyebrow_2_x","mid_right_eyebrow_2_y","mid_right_eyebrow_x","mid_right_eyebrow_y","outer_right_eyebrow_x","outer_right_eyebrow_y","top_nose_x","top_nose_y","top_nose_2_x","top_nose_2_y","mid_nose_x","mid_nose_y","nose_tip_x","nose_tip_y","bot_left_nose_x","bot_left_nose_y","bot_left_nose_2_x","bot_left_nose_2_y","bot_mid_nose_x","bot_mid_nose_y","bot_right_nose_2_x","bot_right_nose_2_y","bot_right_nose_x","bot_right_nose_y","outer_left_eye_corner_x","outer_left_eye_corner_y","top_left_eye_x","top_left_eye_y","top_left_eye_2_x","top_left_eye_2_y","inner_left_eye_corner_x","inner_left_eye_corner_y","bot_left_eye_x","bot_left_eye_y","bot_left_eye_2_x","bot_left_eye_2_y","inner_right_eye_corner_x","inner_right_eye_corner_y","top_right_eye_2_x","top_right_eye_2_y","top_right_eye_x","top_right_eye_y","outer_right_eye_corner_x","outer_right_eye_corner_y","bot_right_eye_x","bot_right_eye_y","bot_right_eye_2_x","bot_right_eye_2_y","left_mouth_corner_x","left_mouth_corner_y","top_left_lip_x","top_left_lip_y","top_left_lip_2_x","top_left_lip_2_y","top_center_lip_x","top_center_lip_y","top_right_lip_2_x","top_right_lip_2_y","top_right_lip_x","top_right_lip_y","right_mouth_corner_x","right_mouth_corner_y","bot_right_lip_x","bot_right_lip_y","bot_right_lip_2_x","bot_right_lip_2_y","bot_center_lip_x","bot_center_lip_y","bot_left_lip_2_x","bot_left_lip_2_y","bot_left_lip_x","bot_left_lip_y","mid_left_upper_lip_x","mid_left_upper_lip_y","mid_left_upper_lip_2_x","mid_left_upper_lip_2_y","mid_center_upper_lip_x","mid_center_upper_lip_y","mid_right_upper_lip_2_x","mid_right_upper_lip_2_y","mid_right_upper_lip_x","mid_right_upper_lip_y","mid_right_lower_lip_x","mid_right_lower_lip_y","mid_left_lower_lip_x","mid_left_lower_lip_y"
"179_1",1678,1254,154,916,176,1033,204,1141,234,1248,278,1351,348,1435,441,1500,541,1549,646,1561,749,1541,844,1487,931,1421,991,1332,1027,1229,1049,1123,1075,1014,1093,900,248,841,304,784,390,759,481,761,568,783,711,779,796,753,885,746,970,770,1022,830,638,887,638,947,637,1007,636,1071,557,1149,598,1156,640,1161,681,1156,721,1146,360,921,412,895,468,888,518,920,470,935,412,940,759,916,812,884,868,887,916,913,869,932,811,929,520,1319,572,1283,617,1257,646,1266,674,1258,719,1281,771,1317,721,1347,678,1360,648,1363,618,1360,573,1347,548,1314,617,1295,646,1298,674,1295,745,1314,675,1303,647,1306
"232_1",1126,871,78,569,93,657,114,742,139,826,169,907,219,976,292,1028,370,1065,452,1079,535,1063,610,1022,678,965,723,891,746,807,761,719,772,629,775,537,148,521,194,487,255,477,317,485,378,501,475,493,531,469,593,454,653,462,701,492,432,561,436,612,440,661,444,713,384,769,413,777,444,782,472,774,501,765,228,569,264,546,307,544,342,575,305,584,262,584,519,569,550,534,593,532,632,553,599,571,556,574,342,890,379,861,419,841,444,847,468,840,509,857,548,883,512,926,474,947,446,951,419,948,380,929,361,888,419,875,445,876,469,874,528,884,470,899,445,902
"105_4",1833,1450,171,933,185,1072,212,1208,236,1343,278,1471,355,1587,465,1678,593,1745,734,1768,871,1741,989,1672,1087,1580,1154,1462,1187,1331,1207,1196,1229,1061,1236,928,296,806,363,743,455,725,550,744,637,784,814,780,898,741,985,724,1070,745,1130,801,729,891,731,982,735,1071,738,1163,643,1253,689,1271,736,1284,781,1270,823,1252,402,923,461,887,534,888,597,932,533,952,458,955,848,933,913,888,983,887,1040,924,990,954,918,953,560,1455,632,1399,693,1367,736,1382,784,1368,845,1399,907,1448,845,1488,786,1506,735,1512,689,1509,630,1494,592,1449,692,1428,736,1432,785,1428,876,1445,783,1429,734,1434
"192_1_1",1511,1132,166,851,179,963,196,1071,223,1173,276,1263,355,1337,439,1399,523,1453,609,1466,688,1445,759,1385,833,1321,894,1247,933,1159,953,1067,967,975,980,881,289,847,355,816,432,809,510,821,584,843,711,852,779,836,846,824,909,830,954,866,643,910,644,963,645,1015,646,1070,557,1115,597,1122,638,1131,676,1121,711,1112,378,911,432,907,479,908,519,921,475,927,428,926,736,925,781,914,824,916,866,920,826,932,782,932,450,1219,530,1209,596,1198,636,1205,677,1196,726,1204,776,1216,725,1279,676,1306,632,1313,589,1312,524,1288,477,1226,594,1213,635,1217,676,1210,750,1223,675,1264,633,1272
"213_1",1151,906,130,626,137,707,153,788,172,864,201,937,247,1002,310,1052,380,1087,455,1098,527,1086,595,1051,656,1004,700,942,729,872,752,801,770,727,781,651,197,559,243,524,300,509,360,512,415,537,537,537,593,517,654,513,710,534,746,577,472,615,469,662,466,709,463,757,400,809,430,818,462,826,494,819,524,810,265,619,305,589,354,592,390,633,349,643,300,642,546,637,586,596,634,595,669,628,637,647,589,647,344,921,393,900,434,886,461,895,491,886,531,900,577,918,531,946,491,960,461,963,432,960,392,949,363,923,433,913,461,916,490,912,557,921,490,920,462,924
"110_1_2",1774,1293,167,939,188,1075,212,1207,241,1339,290,1459,375,1554,484,1623,599,1672,724,1684,847,1653,943,1576,1030,1483,1101,1374,1140,1252,1160,1121,1167,994,1166,861,240,861,290,781,376,740,472,738,568,756,751,747,836,716,928,706,1015,728,1075,789,671,900,679,961,687,1020,695,1084,603,1192,653,1193,703,1196,750,1184,796,1175,363,947,421,905,497,900,561,951,496,973,420,975,792,937,849,879,923,873,982,908,934,945,858,951,524,1384,595,1331,667,1297,710,1304,750,1292,818,1317,882,1364,822,1423,759,1448,716,1454,671,1453,599,1437,561,1378,669,1349,712,1352,754,1345,847,1360,753,1377,711,1386
"108_1_4",1571,1197,137,865,134,952,139,1041,148,1131,175,1220,225,1300,295,1367,371,1422,470,1445,577,1435,679,1403,780,1357,858,1293,908,1206,942,1108,966,1007,982,899,157,774,194,713,266,687,346,687,418,715,532,709,625,675,728,680,820,715,878,781,475,821,469,864,463,905,456,948,385,1036,426,1049,469,1057,518,1047,563,1034,239,842,280,800,342,800,390,850,340,859,277,859,603,845,656,791,719,794,769,837,725,853,661,854,328,1175,381,1146,438,1126,471,1137,512,1128,584,1151,649,1185,579,1239,509,1263,466,1266,425,1259,374,1233,354,1177,438,1162,471,1165,512,1164,620,1183,509,1220,467,1223
"111_2",1986,1303,128,802,130,930,131,1064,144,1199,187,1326,265,1423,374,1495,497,1546,631,1556,770,1540,888,1484,989,1407,1059,1306,1099,1178,1107,1051,1103,922,1102,800,227,688,275,603,368,573,470,583,563,621,680,626,778,595,880,588,973,621,1019,704,628,691,631,739,632,788,635,842,537,959,584,969,631,975,676,969,720,961,337,730,386,694,447,693,503,731,448,742,387,745,739,734,801,696,860,702,905,737,859,749,801,746,449,1180,524,1122,587,1096,630,1104,680,1095,738,1120,799,1167,740,1190,682,1196,630,1199,585,1199,522,1197,480,1169,587,1137,630,1137,679,1134,770,1160,679,1144,629,1147
"145_1_1",2657,2162,306,1434,327,1620,362,1808,414,1984,477,2161,596,2307,755,2411,939,2463,1146,2467,1347,2443,1510,2364,1646,2243,1741,2089,1787,1919,1825,1750,1853,1579,1867,1408,499,1219,603,1123,738,1069,891,1070,1035,1110,1233,1116,1376,1081,1524,1089,1651,1148,1732,1246,1145,1276,1148,1374,1153,1471,1158,1573,1001,1741,1071,1747,1142,1756,1210,1749,1273,1743,665,1342,750,1286,849,1280,939,1342,850,1364,749,1367,1317,1342,1409,1285,1504,1291,1584,1347,1506,1371,1408,1367,835,2006,946,1909,1056,1858,1134,1875,1210,1858,1311,1912,1409,2008,1308,2023,1212,2033,1131,2037,1049,2035,945,2027,880,1993,1056,1937,1133,1940,1212,1936,1364,1994,1208,1939,1130,1945
"214_2",1377,928,93,639,97,744,103,847,115,951,146,1054,196,1148,266,1226,352,1285,453,1302,556,1291,648,1238,723,1163,779,1072,813,970,826,865,833,758,838,651,168,583,205,530,272,511,344,516,412,534,511,532,582,515,654,511,723,532,762,585,459,617,457,679,455,739,451,805,389,880,422,887,456,891,491,889,525,884,242,630,281,598,333,598,379,639,333,653,279,655,548,640,591,599,643,599,683,631,647,656,593,654,334,1042,381,1013,425,994,458,1006,491,996,537,1014,586,1042,535,1065,491,1074,456,1077,421,1074,380,1065,359,1038,424,1028,457,1034,492,1030,561,1039,491,1026,456,1031
"188_1",1121,864,89,544,98,630,107,712,123,793,159,864,214,920,286,963,362,998,446,1009,526,998,599,962,670,921,727,861,756,783,763,698,765,612,764,526,158,486,197,444,257,431,317,438,376,455,481,447,537,424,594,413,652,425,691,463,430,506,430,554,430,602,431,651,379,700,407,705,435,711,463,704,491,695,239,530,272,511,312,508,348,529,311,542,272,544,515,520,547,496,588,494,621,512,590,529,551,530,334,809,375,784,411,768,440,772,467,763,506,775,550,794,510,815,477,824,447,829,417,829,379,824,352,806,413,795,442,796,470,791,532,795,473,790,445,794
"147_3",2244,1609,271,1218,286,1370,323,1517,360,1662,407,1799,488,1919,617,2008,758,2068,909,2086,1057,2064,1191,2001,1304,1901,1376,1767,1416,1615,1437,1456,1448,1298,1443,1140,380,1130,445,1064,539,1033,641,1034,734,1061,916,1042,1011,998,1115,987,1216,1005,1299,1060,834,1151,841,1262,848,1372,856,1487,762,1546,814,1565,868,1579,921,1557,968,1535,496,1193,557,1143,636,1139,705,1193,636,1215,557,1221,981,1171,1049,1108,1126,1101,1188,1142,1136,1177,1058,1181,660,1726,741,1698,820,1678,876,1689,937,1670,1024,1682,1115,1701,1034,1769,954,1800,890,1810,830,1807,749,1783,698,1732,823,1729,879,1731,941,1722,1080,1710,945,1724,884,1733
"108_1_3",1589,1295,191,899,208,1004,233,1105,260,1207,300,1303,371,1384,463,1446,553,1499,659,1522,768,1500,860,1451,946,1389,1005,1304,1039,1205,1058,1100,1073,994,1083,885,259,817,309,748,392,719,486,717,566,748,678,743,763,708,858,705,943,730,1001,794,631,861,633,909,634,955,635,1005,557,1099,598,1110,640,1116,683,1107,723,1096,359,886,407,840,470,838,522,893,467,905,404,905,748,886,795,829,858,827,908,870,865,894,802,897,502,1255,551,1221,603,1201,636,1212,669,1202,726,1225,786,1258,728,1308,674,1330,637,1334,600,1329,551,1305,525,1251,603,1234,637,1238,670,1234,762,1252,670,1290,636,1295
"151_4_2",2789,2423,436,1554,470,1750,515,1934,563,2116,640,2287,774,2423,956,2517,1141,2600,1337,2626,1531,2580,1698,2472,1858,2356,1967,2198,2019,2005,2032,1799,2043,1596,2041,1387,526,1341,605,1219,747,1161,906,1173,1048,1224,1291,1195,1432,1122,1595,1101,1746,1129,1867,1216,1204,1425,1216,1543,1227,1658,1239,1780,1109,1937,1183,1951,1259,1958,1335,1937,1403,1914,695,1532,791,1497,895,1483,996,1524,904,1571,793,1581,1425,1487,1525,1431,1629,1426,1726,1446,1646,1506,1536,1515,1035,2220,1146,2170,1229,2122,1280,2139,1334,2116,1431,2152,1553,2190,1440,2247,1355,2270,1296,2277,1241,2275,1156,2264,1087,2212,1234,2181,1285,2187,1341,2174,1505,2186,1341,2184,1285,2191
"247_1",2765,1987,264,1268,277,1509,307,1741,355,1962,446,2166,565,2347,706,2505,892,2612,1096,2634,1293,2581,1456,2454,1579,2277,1662,2075,1726,1859,1761,1644,1768,1427,1766,1206,432,1182,525,1109,657,1083,802,1107,925,1173,1148,1182,1266,1126,1398,1096,1523,1111,1614,1174,1038,1282,1041,1396,1045,1513,1051,1635,916,1741,984,1765,1055,1779,1124,1758,1183,1731,589,1263,669,1226,756,1227,840,1278,756,1300,668,1299,1225,1276,1303,1225,1388,1226,1463,1256,1394,1292,1312,1295,821,2066,916,1987,1005,1949,1071,1960,1141,1945,1215,1968,1287,2041,1220,2087,1150,2110,1074,2124,1003,2121,916,2108,858,2049,1006,2007,1072,2011,1144,2001,1246,2027,1142,2028,1070,2041
"142_1_3",2446,1696,215,1264,235,1437,276,1605,316,1766,377,1921,465,2068,569,2196,686,2299,839,2332,999,2301,1129,2198,1234,2064,1323,1905,1386,1741,1419,1575,1435,1401,1436,1221,291,1257,374,1214,480,1226,583,1254,689,1287,876,1288,984,1249,1090,1217,1204,1199,1304,1233,785,1399,787,1500,788,1602,790,1705,682,1756,738,1775,797,1792,863,1772,926,1753,421,1420,492,1434,564,1429,642,1423,565,1446,492,1448,956,1419,1030,1422,1103,1424,1180,1407,1109,1437,1035,1439,583,1934,666,1895,754,1871,816,1884,884,1869,983,1891,1068,1930,996,2060,898,2111,823,2117,752,2110,662,2061,626,1942,754,1927,818,1933,887,1926,1024,1940,890,2009,819,2019
"219_2",1277,898,85,634,87,729,92,824,103,917,129,1004,177,1080,247,1141,327,1187,424,1202,523,1195,610,1158,687,1106,744,1035,776,949,791,858,801,765,807,670,159,595,211,556,281,547,349,561,411,585,490,591,558,574,627,569,694,585,738,628,450,638,446,688,443,737,439,791,379,840,406,852,436,860,467,855,497,848,241,640,280,622,324,625,362,652,320,659,276,657,533,662,572,640,616,644,653,666,616,678,573,675,311,967,356,939,402,924,435,934,470,928,515,946,559,978,512,995,468,1001,432,1003,398,1000,354,991,332,966,401,955,434,959,469,958,539,975,468,961,434,963
"140_4_2",1014,860,132,543,143,616,158,685,173,752,195,814,238,867,300,904,362,934,431,947,496,936,558,908,621,875,665,826,687,765,700,700,716,634,731,564,204,485,247,457,300,446,356,455,407,477,498,487,547,473,601,471,650,482,689,512,452,547,452,580,452,613,452,648,403,697,424,703,448,707,470,704,492,699,264,542,298,518,339,520,371,555,335,562,294,560,521,564,552,531,593,533,625,558,595,571,555,572,350,799,386,768,422,749,446,758,470,752,502,773,531,807,499,830,467,840,442,840,416,836,383,822,368,795,421,774,445,778,469,777,515,802,468,809,443,809
"201_4",1023,802,116,528,127,599,146,670,167,739,189,810,224,877,271,931,328,974,394,984,461,972,526,932,579,877,618,808,639,731,654,653,665,574,667,494,153,505,183,479,226,471,272,476,314,493,412,486,455,463,503,452,553,456,595,477,366,542,369,595,371,648,373,701,334,732,355,743,379,749,403,738,425,725,207,550,235,528,274,529,306,559,271,571,232,571,443,550,473,517,512,511,545,530,519,554,479,558,299,820,334,806,362,796,384,802,406,793,437,799,478,809,441,833,410,845,387,848,363,847,335,840,314,820,362,815,384,817,407,813,463,811,407,814,386,819
"167_3",1649,1187,93,812,100,935,116,1055,136,1174,170,1286,233,1383,335,1447,449,1491,573,1506,697,1488,808,1443,910,1375,970,1275,1001,1160,1021,1040,1034,921,1038,800,161,682,214,616,298,587,390,599,467,641,657,638,738,599,825,585,908,615,960,678,560,740,560,799,560,858,560,921,481,1029,522,1037,563,1040,604,1034,643,1026,254,781,308,739,375,737,445,784,377,800,308,804,681,783,751,736,817,739,868,781,819,803,751,800,383,1211,457,1164,525,1136,567,1146,611,1133,676,1159,749,1203,677,1226,614,1238,569,1243,524,1243,458,1238,411,1210,524,1185,567,1185,612,1182,719,1199,611,1183,567,1187
"155_1",1368,997,136,698,141,795,152,892,166,986,193,1073,249,1144,328,1196,418,1232,515,1247,609,1236,689,1198,760,1148,811,1078,843,993,864,902,877,807,886,711,206,612,252,553,325,530,399,543,465,571,580,567,646,540,715,531,784,556,822,613,528,632,529,688,530,742,530,801,451,861,487,869,521,877,555,872,587,868,287,657,325,630,374,632,415,665,373,675,323,675,614,670,658,636,706,639,741,666,708,682,660,681,377,991,435,965,485,948,517,958,557,948,601,969,642,997,598,1018,555,1029,514,1032,479,1028,433,1016,398,990,483,983,517,987,556,983,622,994,555,984,516,988
"108_4",1746,1486,192,902,210,1034,235,1159,257,1282,300,1396,378,1492,483,1566,602,1626,733,1644,864,1626,976,1559,1069,1478,1134,1381,1175,1271,1202,1159,1228,1043,1248,920,300,782,370,711,475,686,581,705,681,748,834,757,934,732,1034,727,1128,759,1185,833,761,850,761,917,762,985,763,1056,669,1143,711,1153,755,1162,797,1157,837,1149,423,858,481,812,556,815,616,878,550,891,474,889,879,890,939,832,1014,837,1068,888,1016,914,940,909,588,1346,652,1287,714,1251,753,1263,790,1254,844,1292,891,1355,841,1380,789,1389,748,1389,706,1386,649,1374,622,1340,711,1308,751,1310,789,1310,860,1346,788,1320,750,1321
"160_1_2",1294,997,85,657,91,750,98,842,111,935,144,1019,198,1094,273,1152,363,1194,468,1212,578,1199,679,1162,766,1103,829,1025,865,937,884,843,897,751,909,656,176,534,216,479,279,444,353,436,422,458,538,456,612,438,690,447,757,483,800,538,484,551,483,600,482,648,480,701,406,797,440,805,476,809,513,807,546,802,256,615,299,596,346,589,391,606,349,624,300,629,574,605,622,589,671,596,714,614,671,629,621,625,331,954,383,915,438,893,468,902,500,896,553,922,607,963,553,1011,502,1028,465,1030,429,1026,378,1004,355,950,437,929,467,935,500,932,582,959,500,965,465,969
"120_1",1881,1689,308,1029,324,1158,349,1283,377,1405,415,1524,488,1628,601,1698,735,1739,890,1753,1043,1740,1167,1695,1273,1624,1339,1518,1371,1401,1393,1282,1417,1157,1432,1031,414,885,495,823,597,793,708,798,814,828,976,821,1080,794,1191,800,1284,837,1351,906,896,911,897,973,898,1032,898,1097,802,1237,850,1241,899,1244,946,1239,990,1233,526,974,591,938,666,934,743,975,668,994,590,998,1036,972,1108,932,1183,937,1244,974,1184,997,1106,992,715,1441,779,1366,848,1323,899,1339,948,1324,1012,1367,1077,1436,1013,1464,950,1476,899,1481,845,1478,780,1468,749,1431,847,1393,898,1396,947,1392,1042,1428,948,1398,898,1404
"112_4",1995,1348,160,1032,180,1175,208,1313,240,1450,284,1579,353,1695,455,1789,576,1857,718,1877,858,1852,973,1783,1071,1682,1138,1559,1171,1422,1192,1281,1213,1142,1225,1000,227,892,294,823,390,793,492,798,586,838,793,834,885,797,986,789,1083,815,1147,882,693,950,696,1039,699,1124,702,1212,591,1288,647,1302,702,1316,756,1302,808,1288,358,989,416,948,488,949,553,996,487,1008,414,1010,833,995,898,947,969,948,1029,987,972,1006,901,1006,459,1467,544,1425,642,1406,703,1418,765,1404,862,1420,944,1454,871,1570,775,1620,707,1628,642,1624,542,1582,489,1474,643,1452,703,1455,767,1449,911,1463,770,1546,705,1556
"236_4",1172,911,115,562,123,648,135,733,147,817,172,898,223,968,294,1021,373,1062,461,1074,551,1065,635,1023,710,971,764,904,790,826,801,744,812,664,822,581,189,520,235,486,296,477,358,489,415,511,525,519,585,504,645,497,703,508,746,540,471,571,470,622,470,672,470,724,403,769,436,776,469,784,502,777,533,769,265,583,302,575,341,575,382,587,341,594,302,595,556,594,595,584,634,587,671,597,634,606,595,604,342,874,391,851,435,840,468,848,502,840,542,853,587,872,541,890,500,897,465,899,431,898,389,891,363,872,434,867,467,871,502,867,567,872,500,863,466,867
"154_1_1",1594,1224,169,860,192,975,216,1088,237,1196,269,1298,334,1379,426,1438,524,1481,633,1495,739,1478,831,1430,915,1366,972,1280,1000,1176,1015,1069,1037,962,1057,850,252,816,317,770,400,753,488,757,574,777,693,776,775,756,861,751,942,765,1003,809,635,856,638,906,640,954,643,1007,565,1090,601,1100,639,1106,675,1099,708,1089,364,869,417,840,476,836,525,876,473,889,413,890,735,871,784,830,843,832,895,859,847,881,787,882,493,1251,548,1215,599,1191,633,1200,668,1190,716,1214,767,1248,716,1284,669,1301,632,1304,594,1301,546,1286,521,1248,598,1223,633,1226,668,1222,740,1247,667,1253,632,1258
"143_1",1759,1166,186,951,196,1062,214,1167,239,1268,279,1366,351,1451,450,1513,550,1560,653,1573,754,1554,848,1503,939,1437,1002,1345,1033,1240,1047,1131,1059,1022,1065,909,269,908,327,862,404,845,486,843,565,859,724,854,798,827,876,817,951,824,1009,866,646,945,647,1010,648,1074,649,1141,574,1204,613,1212,653,1217,691,1208,729,1199,368,962,416,928,474,925,527,965,474,979,415,983,754,953,805,905,864,899,912,929,871,957,810,960,506,1344,560,1311,612,1288,652,1299,692,1286,746,1306,801,1334,750,1371,699,1388,656,1393,613,1391,562,1377,531,1341,612,1328,653,1332,694,1326,777,1334,695,1332,653,1338
"150_1_1",2287,1684,196,1166,213,1335,250,1502,291,1659,347,1810,430,1946,549,2056,676,2140,811,2172,944,2144,1074,2066,1194,1961,1278,1828,1334,1676,1374,1520,1411,1357,1433,1189,324,1153,419,1109,527,1107,635,1125,735,1161,916,1163,1018,1132,1125,1115,1232,1120,1322,1164,826,1287,825,1374,823,1462,821,1552,730,1637,773,1650,818,1655,861,1651,903,1642,467,1261,542,1237,621,1241,678,1299,610,1317,529,1309,965,1304,1030,1247,1109,1243,1177,1272,1119,1315,1038,1322,645,1833,711,1788,773,1760,814,1777,859,1762,923,1794,980,1835,923,1907,861,1935,811,1940,765,1934,706,1902,677,1831,771,1812,813,1816,859,1813,948,1836,859,1860,813,1863
"142_1_2",2507,1667,222,1313,232,1490,261,1667,298,1834,368,1989,469,2134,585,2260,719,2364,880,2393,1037,2353,1163,2243,1272,2113,1361,1966,1421,1806,1448,1640,1458,1471,1457,1299,305,1307,402,1253,519,1269,631,1304,739,1350,938,1345,1043,1291,1147,1251,1262,1227,1359,1273,842,1444,846,1558,851,1672,856,1787,703,1790,776,1819,856,1848,936,1814,1005,1782,445,1439,524,1449,595,1452,670,1459,594,1470,521,1468,1014,1452,1088,1439,1157,1433,1233,1421,1166,1450,1095,1459,545,1880,664,1878,777,1882,860,1897,951,1878,1062,1867,1170,1865,1076,2043,965,2123,868,2139,775,2126,659,2052,582,1899,776,1924,860,1936,952,1920,1134,1885,960,2030,866,2047
"168_4",1291,1018,150,640,165,736,186,828,204,919,233,1007,288,1085,367,1140,456,1175,550,1187,642,1170,719,1128,784,1067,822,986,838,896,849,805,862,712,867,619,225,618,274,583,338,572,406,579,470,601,581,597,641,574,703,562,764,569,811,600,528,665,531,727,535,788,539,853,466,894,502,905,540,914,577,903,609,889,303,694,345,698,384,695,430,694,386,710,344,712,617,689,661,687,701,689,744,683,704,702,662,703,408,1006,462,992,507,979,541,987,575,978,619,986,670,994,625,1032,582,1049,546,1053,510,1052,463,1041,429,1009,508,1003,541,1007,576,1001,650,999,578,1002,543,1008
"258_5",1588,1295,133,781,154,904,179,1020,208,1133,248,1239,320,1329,425,1393,531,1449,637,1469,741,1446,839,1387,937,1323,1002,1237,1040,1135,1064,1024,1085,909,1101,785,230,682,290,632,371,607,462,610,544,637,703,636,785,604,879,601,966,626,1028,684,621,758,618,835,615,909,612,986,535,1042,575,1056,621,1068,665,1056,710,1041,338,783,391,749,452,751,512,794,451,804,388,804,746,796,803,752,867,751,923,785,870,808,804,806,465,1173,528,1149,586,1134,627,1145,665,1135,725,1151,795,1182,729,1221,672,1237,631,1241,588,1234,531,1213,499,1173,587,1173,628,1179,667,1174,760,1179,670,1180,629,1183
"249_1",1217,951,125,663,142,751,163,834,185,913,219,989,273,1050,344,1095,418,1129,494,1139,570,1125,644,1086,714,1037,764,970,792,890,805,804,814,717,817,628,177,595,213,550,273,532,336,540,391,566,521,554,578,523,643,510,707,526,748,569,464,643,467,696,469,748,471,802,414,851,444,859,475,863,505,857,534,849,257,663,295,642,339,641,383,668,341,678,295,680,551,662,592,632,636,630,675,649,640,668,595,670,364,961,411,940,450,928,478,935,508,927,547,937,596,953,549,971,512,981,481,986,452,984,414,975,382,958,450,951,479,955,509,950,578,952,509,946,479,950
"183_4",1162,885,145,620,158,700,176,777,192,853,220,925,271,984,336,1031,403,1071,475,1080,545,1061,606,1014,665,964,708,902,730,830,738,752,744,674,747,594,198,615,239,591,290,583,343,588,391,603,494,600,542,581,594,571,645,573,690,593,445,657,448,709,452,760,456,813,400,843,428,849,459,855,488,845,515,836,268,655,304,635,345,634,378,666,342,673,301,673,517,660,548,626,588,623,624,640,594,660,554,664,344,912,391,906,435,900,463,906,491,896,537,898,582,900,541,941,498,963,468,968,438,967,393,949,364,917,436,928,464,930,494,924,564,908,494,925,466,930
"108_1_2",1390,1052,61,808,61,884,70,962,83,1041,111,1117,158,1184,229,1237,305,1280,399,1302,504,1290,603,1259,698,1216,769,1152,809,1068,835,977,854,878,864,777,76,703,95,635,156,600,230,592,300,606,407,590,490,558,585,561,670,592,725,652,354,708,349,744,341,780,334,818,288,921,323,927,358,928,398,920,437,911,149,761,186,719,240,713,286,754,242,767,187,771,476,732,524,684,580,683,629,718,587,734,530,738,255,1062,289,1025,330,1003,358,1010,392,999,453,1017,522,1045,460,1070,405,1085,368,1091,336,1091,296,1082,276,1055,333,1037,361,1037,397,1031,495,1040,399,1051,363,1057
"111_3",2146,1645,203,1086,217,1249,244,1410,280,1564,335,1710,429,1830,560,1922,722,1977,896,1983,1060,1946,1197,1865,1316,1766,1391,1639,1424,1493,1439,1342,1448,1195,1446,1041,312,956,394,872,508,834,633,840,745,879,945,869,1048,820,1162,810,1269,844,1340,921,857,1000,862,1094,869,1188,877,1284,744,1390,808,1405,877,1414,940,1395,994,1371,457,1059,531,1017,614,1016,695,1067,616,1082,530,1086,997,1052,1072,994,1151,988,1218,1024,1161,1055,1082,1061,629,1608,722,1549,813,1512,884,1523,954,1498,1037,1516,1126,1561,1045,1610,968,1645,894,1662,820,1665,729,1651,666,1605,815,1582,886,1580,959,1566,1088,1564,961,1566,889,1582
"235_3",1160,873,70,621,81,709,95,793,110,878,134,962,184,1026,264,1065,356,1088,455,1095,548,1083,631,1053,702,1009,742,938,761,857,772,773,781,686,780,599,153,547,198,510,261,495,326,498,387,516,498,503,554,480,617,475,675,493,715,533,447,576,452,623,456,668,461,716,379,769,417,780,458,788,496,779,530,766,230,606,269,589,308,587,348,607,308,614,268,616,532,606,572,585,610,584,646,601,612,613,573,613,327,902,380,868,424,854,459,861,494,853,534,869,579,902,532,903,492,902,457,904,423,902,380,901,344,896,424,882,459,884,493,882,563,896,491,880,457,883
"256_3",1394,1061,127,708,132,812,143,909,156,1006,186,1102,235,1183,317,1238,408,1280,509,1298,614,1288,715,1254,808,1207,870,1130,908,1036,926,935,941,837,953,730,209,648,265,612,337,602,411,612,475,645,602,652,665,622,739,617,809,634,858,676,533,708,533,776,533,844,532,912,449,943,485,961,527,979,569,965,608,948,279,698,327,673,380,678,428,723,374,724,320,721,642,732,692,693,744,692,790,722,746,739,692,738,361,1046,422,1028,478,1023,525,1035,570,1028,625,1037,684,1059,621,1091,565,1107,517,1110,469,1102,416,1083,385,1047,475,1057,523,1065,569,1062,661,1059,566,1062,520,1064
"245_1",1994,1409,131,1029,144,1187,172,1336,194,1483,246,1613,328,1725,435,1815,557,1887,688,1902,821,1876,938,1793,1040,1698,1112,1587,1154,1457,1176,1315,1207,1172,1230,1016,200,923,275,858,382,834,490,845,593,874,775,869,878,837,986,836,1090,865,1158,930,685,1016,686,1120,687,1221,689,1326,585,1397,635,1414,685,1429,734,1414,781,1398,315,1028,383,983,467,986,536,1053,463,1060,378,1061,824,1050,894,983,975,980,1039,1024,980,1056,897,1057,506,1600,583,1560,642,1536,687,1549,735,1536,789,1560,857,1590,790,1624,736,1638,686,1644,637,1642,579,1631,538,1594,641,1581,687,1586,735,1579,826,1587,735,1577,686,1584
"160_4_1",1687,1282,169,860,168,973,184,1089,206,1198,241,1305,302,1405,383,1485,473,1548,578,1569,685,1556,780,1506,867,1434,935,1340,979,1232,1015,1123,1044,1008,1057,896,228,771,288,715,371,697,458,712,534,752,657,752,741,717,832,706,920,732,983,792,600,844,602,917,604,989,606,1064,513,1143,555,1154,595,1164,635,1161,672,1155,305,852,361,817,427,821,478,874,421,887,354,885,706,883,766,831,832,831,882,871,835,898,769,899,426,1298,486,1261,539,1240,578,1259,625,1248,676,1280,734,1319,670,1348,618,1358,571,1357,527,1351,480,1330,451,1297,535,1287,576,1295,622,1294,708,1316,619,1294,575,1297
"111_1_2",1970,1559,170,1098,206,1237,247,1367,284,1494,335,1616,417,1717,530,1798,651,1860,784,1875,920,1848,1043,1782,1154,1700,1233,1595,1278,1468,1311,1337,1344,1199,1372,1052,242,987,311,913,412,882,524,884,627,911,800,894,917,863,1037,853,1152,887,1234,961,724,1028,728,1086,730,1141,733,1201,634,1318,685,1328,736,1332,787,1326,835,1315,371,1087,437,1041,517,1034,581,1086,518,1109,435,1114,888,1074,958,1019,1039,1023,1109,1064,1046,1094,962,1094,567,1560,627,1493,689,1449,729,1460,773,1448,851,1494,933,1554,858,1628,785,1658,738,1662,694,1655,632,1625,606,1556,692,1504,731,1504,776,1502,892,1554,778,1584,734,1588
"190_4_1",1508,1107,99,792,128,916,161,1027,191,1137,231,1238,294,1320,380,1384,474,1438,576,1450,678,1428,778,1373,861,1308,923,1225,958,1123,974,1009,999,897,1023,772,163,728,217,661,304,635,394,647,478,681,655,683,735,650,820,637,904,657,957,714,568,777,570,849,572,918,574,989,490,1051,530,1062,573,1071,617,1061,656,1048,275,805,327,774,389,775,442,816,389,829,324,831,689,808,740,768,800,766,848,793,804,819,743,820,434,1213,497,1183,543,1164,576,1172,610,1163,655,1178,714,1199,657,1227,614,1238,577,1242,542,1242,497,1236,462,1209,543,1197,577,1198,612,1193,689,1199,611,1196,576,1201
"194_4",1535,1148,196,883,212,986,233,1086,257,1184,295,1275,360,1348,441,1406,523,1459,614,1475,704,1457,788,1403,869,1339,930,1260,968,1168,988,1069,1008,967,1023,858,250,794,300,747,374,735,449,745,521,767,675,769,750,743,827,732,903,744,958,790,600,870,601,929,600,987,600,1047,534,1112,569,1118,603,1122,640,1116,677,1109,342,883,387,847,447,848,498,893,445,909,385,909,707,888,752,842,813,841,861,874,818,903,757,904,480,1253,529,1226,576,1206,608,1214,640,1205,692,1225,748,1247,697,1307,646,1328,611,1331,576,1327,529,1306,505,1254,577,1233,609,1235,642,1232,721,1250,643,1278,610,1280
"231_1",971,707,111,515,115,586,127,655,142,721,167,784,208,838,259,886,318,922,387,930,453,913,504,871,546,820,575,763,590,701,602,638,612,574,616,508,157,485,194,457,244,457,292,469,338,488,417,482,460,463,504,448,552,443,587,470,379,523,380,570,382,617,383,664,326,683,354,693,382,703,410,692,436,679,218,524,245,506,281,508,312,532,279,540,243,539,439,528,468,502,504,499,531,515,508,532,472,534,277,750,316,743,355,737,380,743,405,734,440,738,474,744,444,793,411,817,383,822,355,819,316,798,291,755,356,753,381,755,406,750,459,750,408,782,382,788
"241_4",1430,1144,159,719,171,832,190,940,216,1042,255,1137,310,1223,383,1295,468,1344,563,1358,660,1348,747,1309,828,1249,887,1168,925,1070,951,965,975,854,993,740,230,664,289,625,364,622,435,645,498,680,649,679,712,643,782,626,854,634,909,673,577,771,574,834,571,898,568,963,494,1017,528,1028,564,1033,599,1029,632,1022,319,767,363,736,421,740,466,790,416,799,357,796,676,790,723,739,781,737,826,770,786,797,728,800,427,1137,485,1124,528,1114,556,1123,590,1115,640,1129,705,1145,642,1174,594,1184,558,1186,527,1183,484,1168,447,1138,527,1139,556,1144,591,1139,688,1143,593,1149,559,1154
"103_1",1982,1422,124,1059,151,1212,191,1360,229,1502,283,1633,370,1747,489,1832,622,1894,765,1910,900,1877,1012,1798,1110,1702,1181,1582,1221,1444,1250,1301,1282,1155,1298,1003,226,957,301,890,404,863,515,872,615,913,853,894,943,838,1043,812,1143,826,1215,884,742,1021,749,1128,756,1233,763,1339,647,1414,703,1436,762,1453,818,1431,866,1404,353,1067,421,1020,506,1020,583,1073,507,1094,421,1098,887,1050,958,986,1040,979,1108,1018,1052,1054,969,1060,550,1606,636,1568,706,1547,756,1561,811,1546,877,1564,957,1590,881,1643,816,1670,759,1678,704,1674,635,1656,586,1607,706,1596,757,1599,814,1593,922,1596,811,1595,755,1603
"211_1_2",1401,1069,133,669,141,785,158,901,175,1011,215,1112,281,1200,367,1270,456,1330,551,1347,643,1332,723,1274,800,1207,858,1128,894,1037,916,937,939,838,959,729,224,681,299,649,384,650,470,663,549,688,664,687,738,669,812,663,886,671,934,715,601,759,599,824,598,888,596,953,499,998,543,1006,584,1016,624,1011,661,1008,324,738,380,723,439,726,481,763,432,770,371,765,689,772,736,734,793,737,841,758,797,781,740,783,402,1099,463,1081,528,1075,564,1090,605,1083,661,1103,706,1124,653,1171,598,1194,555,1195,513,1187,453,1153,428,1104,524,1110,563,1120,604,1118,677,1127,599,1138,558,1141
"257_3",1470,1102,107,762,116,870,134,972,154,1074,191,1167,247,1246,329,1308,422,1354,527,1370,633,1356,734,1313,822,1253,884,1171,920,1075,938,973,951,871,959,761,190,683,243,639,317,620,393,625,464,653,592,658,660,627,738,619,812,636,868,683,521,729,519,796,517,864,515,934,452,984,484,998,519,1008,556,999,593,987,270,745,314,714,370,712,419,753,367,766,311,768,637,755,684,718,740,718,784,749,742,771,686,769,391,1134,439,1100,486,1081,524,1092,562,1085,614,1104,671,1134,613,1165,562,1173,522,1175,482,1171,438,1160,415,1132,485,1120,523,1124,562,1123,647,1133,560,1123,523,1125
"141_1",1936,1453,218,955,231,1097,249,1235,277,1368,331,1493,416,1601,524,1683,648,1737,784,1746,914,1718,1027,1652,1124,1567,1195,1458,1237,1336,1254,1207,1260,1079,1258,947,330,914,396,841,495,810,596,821,693,855,851,855,940,823,1035,811,1127,836,1186,904,778,939,780,1025,785,1109,788,1196,673,1247,728,1260,787,1272,840,1257,891,1241,482,953,537,932,595,931,648,961,594,965,534,964,889,957,945,926,1001,925,1054,944,1005,955,946,957,568,1363,649,1346,729,1335,785,1348,840,1333,911,1340,982,1352,915,1436,846,1479,786,1489,727,1483,647,1445,597,1370,729,1363,785,1370,841,1360,953,1361,842,1419,785,1429
"238_3",1002,751,100,515,109,591,121,664,134,735,156,802,197,858,257,900,328,927,408,938,487,927,554,895,613,850,648,790,665,719,673,645,679,571,683,496,159,429,193,394,242,379,294,387,340,408,451,396,498,371,548,362,596,373,629,408,400,464,402,508,403,551,405,596,346,652,375,660,404,666,433,659,458,650,220,491,251,465,293,463,330,492,294,503,252,506,464,486,501,454,541,453,572,477,545,494,503,495,289,763,335,741,377,726,403,734,431,725,471,740,515,763,474,779,436,787,406,790,379,788,337,779,307,762,378,758,403,760,433,757,497,762,433,756,404,759
"231_2",783,708,106,382,108,444,110,507,115,568,136,624,173,669,223,702,284,727,356,729,428,721,492,695,548,663,587,617,606,559,611,496,613,434,615,370,156,326,180,289,223,269,272,268,318,281,382,279,428,258,477,254,524,271,554,304,349,330,349,370,350,410,351,451,308,488,331,496,354,504,378,494,402,484,202,357,228,335,262,333,291,353,263,364,229,368,417,347,447,325,481,324,506,344,483,356,450,356,264,580,297,553,331,543,358,549,387,540,422,547,455,572,422,587,389,597,359,600,331,600,298,595,278,577,331,568,358,569,389,565,440,569,388,565,358,570
"111_1_1",1997,1580,194,1141,238,1279,281,1404,326,1528,384,1648,471,1746,583,1824,697,1882,826,1892,958,1862,1072,1792,1181,1704,1260,1590,1301,1456,1330,1320,1359,1178,1380,1024,238,1015,300,940,396,904,506,899,613,922,780,898,894,856,1021,836,1143,864,1233,938,714,1039,722,1096,729,1154,735,1217,646,1346,695,1354,748,1357,802,1348,851,1332,365,1113,426,1061,509,1048,579,1104,511,1131,427,1137,889,1077,955,1011,1040,1006,1116,1049,1052,1084,964,1091,587,1589,640,1520,697,1470,746,1478,789,1463,870,1504,962,1570,886,1635,815,1665,767,1670,715,1665,654,1640,623,1582,704,1528,752,1526,797,1521,923,1567,803,1594,758,1598
"160_4_2",1749,1312,180,889,191,1007,223,1125,252,1237,291,1345,363,1442,457,1517,558,1575,665,1589,767,1563,854,1496,928,1412,980,1311,1012,1201,1043,1094,1070,982,1078,871,254,793,319,735,409,711,502,723,585,764,702,762,782,723,871,705,959,724,1018,783,654,853,662,930,672,1007,680,1086,582,1167,625,1176,668,1185,708,1178,744,1167,344,870,398,834,464,834,521,883,462,899,393,900,752,883,807,830,873,827,925,861,879,890,813,894,494,1326,559,1288,615,1264,658,1281,701,1267,750,1292,805,1324,748,1360,700,1376,655,1380,609,1376,556,1356,520,1323,613,1309,657,1315,700,1310,780,1324,699,1312,657,1319
"246_4",2319,1754,174,1172,188,1343,215,1513,243,1681,303,1841,406,1977,541,2082,686,2169,854,2193,1021,2168,1169,2089,1313,1990,1420,1855,1483,1702,1521,1536,1546,1368,1558,1198,288,1047,381,977,500,951,627,958,745,1002,955,1006,1085,974,1214,974,1333,1011,1424,1087,858,1174,858,1273,859,1370,860,1470,728,1587,793,1605,857,1617,919,1605,977,1588,443,1185,520,1145,609,1145,681,1206,605,1229,512,1229,1029,1218,1110,1159,1200,1165,1273,1209,1205,1246,1113,1244,605,1819,702,1772,790,1742,849,1765,914,1747,999,1781,1087,1826,997,1880,915,1906,845,1910,779,1903,698,1876,643,1819,787,1813,847,1820,915,1816,1050,1826,913,1823,846,1829
"150_1_3",2182,1762,285,1104,308,1265,346,1418,386,1566,439,1710,520,1839,640,1935,771,2002,902,2024,1034,1999,1164,1933,1281,1840,1362,1714,1409,1568,1444,1418,1478,1266,1499,1107,399,1071,487,1024,595,1017,704,1035,811,1064,974,1059,1080,1028,1190,1011,1300,1018,1392,1064,891,1167,891,1253,890,1340,889,1431,803,1512,846,1525,890,1532,935,1527,978,1514,550,1171,620,1166,686,1164,748,1186,682,1199,614,1198,1043,1185,1111,1164,1178,1165,1245,1171,1181,1197,1111,1198,723,1699,789,1665,848,1640,891,1654,932,1640,998,1664,1069,1694,1004,1746,941,1767,895,1772,849,1767,789,1745,757,1698,848,1691,891,1695,934,1691,1037,1695,937,1706,894,1710
"190_4_2",1478,1099,97,730,114,851,136,962,164,1069,200,1168,257,1254,333,1324,413,1385,506,1406,605,1390,701,1338,787,1272,855,1188,897,1091,925,984,954,875,979,753,150,686,204,635,285,625,364,643,438,678,611,694,688,669,769,660,847,675,900,724,518,773,515,843,511,912,508,982,426,1024,466,1037,508,1050,553,1039,595,1028,249,769,299,744,359,749,407,793,352,803,291,798,641,801,689,764,748,765,795,793,750,816,690,815,363,1150,426,1136,476,1127,513,1136,549,1129,600,1140,663,1152,597,1184,544,1192,507,1194,468,1191,421,1183,390,1154,474,1153,512,1158,548,1155,635,1155,546,1156,509,1158
"176_2",1186,814,84,600,89,688,99,771,109,857,134,939,180,1007,245,1059,322,1097,408,1106,495,1094,572,1056,640,1008,684,939,702,856,711,770,718,684,723,597,144,572,178,530,232,511,291,511,346,530,462,531,519,509,578,504,635,522,668,567,412,583,413,644,415,703,417,765,343,789,377,805,414,817,449,804,477,788,210,604,244,583,284,580,318,602,284,613,243,616,492,602,530,579,570,581,602,601,572,614,531,613,284,914,332,893,375,882,409,892,446,882,486,895,530,912,487,934,447,941,410,943,373,942,329,935,301,912,373,903,409,907,446,903,514,910,446,905,410,909
"252_2",1691,1274,140,836,152,969,166,1094,186,1216,222,1332,289,1432,384,1507,493,1566,619,1583,745,1564,861,1510,966,1436,1041,1335,1083,1216,1101,1090,1108,963,1119,828,207,768,251,693,333,660,427,656,515,679,687,674,782,651,880,657,968,695,1016,768,607,777,607,853,605,928,605,1006,514,1087,560,1102,607,1113,657,1103,702,1089,312,826,365,785,428,781,489,819,432,835,367,842,730,819,793,779,856,785,909,825,856,840,793,836,441,1275,511,1241,570,1224,611,1232,659,1224,722,1242,795,1269,721,1290,661,1296,613,1298,570,1297,511,1293,469,1270,569,1253,611,1256,659,1252,766,1266,658,1255,612,1258
"189_4",1300,1132,146,682,160,783,180,882,199,978,231,1069,293,1143,381,1195,470,1240,566,1252,663,1237,755,1193,847,1141,911,1067,948,976,967,877,981,779,992,675,213,642,271,593,349,571,433,573,511,600,618,600,695,574,776,570,854,588,913,631,568,677,568,729,567,781,567,836,499,908,531,916,565,922,599,916,632,910,316,696,364,670,419,666,465,703,418,716,362,718,667,699,719,664,773,665,819,691,776,712,721,712,419,1043,478,1016,531,995,563,1005,597,994,652,1017,711,1043,650,1074,598,1085,561,1088,525,1086,475,1072,442,1042,529,1037,563,1040,598,1038,688,1044,597,1040,562,1042
"206_5",1092,846,116,576,123,653,136,726,147,797,172,865,213,925,268,977,325,1028,388,1047,454,1037,517,994,580,946,629,885,662,816,680,742,698,665,709,581,142,557,180,526,235,521,289,532,341,551,450,553,505,533,563,525,623,534,666,565,396,615,394,664,394,713,392,763,341,797,366,806,391,814,420,808,447,803,205,608,241,587,285,590,321,627,281,633,235,631,479,632,518,597,563,596,598,619,566,640,520,641,301,887,337,871,370,861,393,871,418,864,454,880,493,897,451,924,414,935,388,935,363,931,332,916,319,888,368,888,392,893,417,891,474,896,415,893,390,895
"191_2",1125,915,131,579,142,663,154,744,167,825,195,900,246,965,309,1018,374,1063,454,1077,536,1065,612,1024,681,971,734,905,764,828,775,743,782,660,788,575,195,524,225,473,281,441,345,435,402,454,499,449,564,437,628,445,684,474,717,522,454,534,455,590,456,645,457,702,400,746,428,756,456,765,484,758,511,750,274,557,307,539,345,537,380,554,345,561,308,563,530,558,566,543,602,545,634,564,602,569,566,567,346,839,388,824,426,820,458,828,493,823,531,831,574,847,529,861,490,869,454,871,420,867,385,856,363,840,424,843,457,848,493,846,557,847,490,841,455,843
"136_4",1889,1560,190,1067,204,1193,218,1315,230,1436,268,1548,348,1630,463,1686,579,1733,707,1754,842,1747,971,1709,1101,1658,1198,1579,1247,1464,1271,1336,1296,1207,1321,1072,270,982,333,918,427,894,527,899,622,923,789,920,891,892,1001,889,1103,915,1181,975,706,1033,703,1091,699,1149,695,1209,613,1301,658,1309,700,1316,747,1312,794,1307,395,1058,457,1017,531,1014,589,1066,527,1085,453,1086,852,1063,913,1009,990,1013,1054,1056,996,1083,918,1082,530,1479,596,1430,660,1398,699,1412,742,1402,816,1441,891,1496,811,1521,740,1528,696,1527,654,1522,595,1511,564,1478,659,1456,699,1459,743,1459,854,1491,739,1464,696,1462
"211_1_1",1371,1020,60,605,62,724,74,840,88,951,123,1057,183,1151,262,1230,344,1296,431,1318,517,1308,598,1250,678,1184,745,1107,792,1016,824,917,857,814,886,702,149,617,222,588,305,597,383,622,454,656,593,664,667,646,738,637,809,643,854,686,513,735,506,803,500,870,492,938,400,979,440,987,477,999,515,997,552,997,245,695,300,684,356,693,392,732,343,735,287,726,606,751,652,718,706,721,751,741,708,762,654,762,316,1086,372,1073,425,1067,457,1084,494,1077,539,1101,582,1123,532,1161,484,1178,445,1178,408,1169,360,1134,344,1092,419,1102,453,1112,490,1111,556,1125,488,1122,452,1123
"247_3",2455,1794,211,1300,228,1482,259,1657,298,1829,365,1983,461,2123,586,2223,723,2311,882,2336,1044,2310,1197,2222,1339,2122,1446,1986,1514,1823,1544,1648,1564,1469,1577,1287,312,1163,398,1093,519,1086,640,1108,752,1159,968,1167,1085,1113,1212,1095,1339,1111,1432,1182,860,1259,857,1370,854,1482,850,1597,732,1689,791,1713,858,1728,927,1710,987,1688,445,1262,520,1210,612,1213,690,1282,606,1298,515,1299,1054,1284,1136,1216,1227,1217,1300,1268,1232,1305,1141,1305,603,1953,716,1924,811,1901,872,1917,943,1895,1047,1913,1157,1930,1055,2004,954,2033,880,2039,813,2037,717,2016,648,1954,812,1938,873,1943,945,1931,1115,1932,949,1955,877,1963
"228_3",1124,917,128,590,133,672,143,752,158,830,184,901,229,959,298,997,374,1027,460,1037,547,1025,630,998,704,961,752,904,778,834,795,757,806,681,816,602,198,474,234,425,293,403,358,410,413,440,550,440,606,410,667,405,724,431,755,481,481,519,478,564,475,608,472,653,407,713,439,724,471,732,506,727,537,719,268,550,306,520,350,520,392,553,351,560,306,562,563,555,605,520,648,523,682,553,649,565,606,564,345,835,396,808,441,796,467,805,497,799,541,815,595,840,537,850,493,855,463,856,434,854,393,848,361,832,439,821,466,826,496,824,576,837,494,826,464,828
"142_1_1",2559,1682,234,1298,243,1476,267,1650,301,1819,368,1974,468,2121,588,2250,720,2358,887,2394,1054,2357,1187,2250,1297,2117,1392,1966,1459,1804,1484,1631,1496,1457,1498,1282,328,1264,430,1219,549,1232,663,1267,774,1311,973,1308,1084,1260,1196,1222,1314,1208,1408,1256,874,1414,875,1528,877,1643,878,1762,727,1776,800,1806,881,1837,960,1804,1033,1773,465,1417,544,1432,617,1433,697,1432,615,1445,540,1442,1051,1430,1130,1430,1201,1428,1277,1414,1205,1437,1133,1440,576,1878,701,1890,809,1899,888,1912,966,1896,1075,1880,1198,1865,1087,1997,979,2055,894,2068,809,2059,698,2003,620,1892,808,1937,888,1948,969,1934,1158,1883,974,1979,893,1992
"228_4",1410,1099,108,716,115,822,135,929,161,1029,198,1128,259,1215,348,1282,448,1325,555,1334,656,1315,750,1263,832,1195,887,1111,915,1015,933,916,947,818,951,717,189,676,254,646,327,643,401,655,472,679,612,672,682,645,754,629,827,632,886,664,545,748,544,805,544,861,545,920,482,982,513,991,546,996,579,990,610,979,284,750,336,726,393,727,442,766,389,779,332,777,643,763,693,721,749,715,797,739,757,769,700,773,402,1117,462,1089,510,1075,547,1087,583,1076,629,1087,689,1101,629,1128,585,1140,548,1143,510,1142,462,1136,421,1113,511,1104,547,1107,584,1102,670,1103,582,1101,546,1107
"237_1",972,693,83,506,80,576,86,646,96,716,119,782,162,839,220,880,284,914,354,926,423,911,483,878,536,837,574,782,594,719,606,651,613,585,613,517,128,480,169,455,217,453,265,466,307,486,390,484,435,465,484,458,531,463,570,488,352,526,351,569,352,612,353,657,294,682,322,691,351,699,381,692,406,684,189,513,222,502,253,507,284,531,251,528,218,525,418,531,450,508,481,507,512,518,484,527,453,529,232,726,282,727,324,725,351,733,381,726,423,728,469,727,423,758,383,776,352,781,323,777,281,760,250,731,324,744,351,748,381,743,451,730,381,748,351,753
"192_4",1668,1103,138,724,142,827,145,928,150,1030,176,1128,235,1205,322,1258,422,1294,533,1305,646,1300,750,1270,844,1226,911,1152,943,1055,954,949,964,840,970,733,204,595,247,537,322,507,403,511,477,539,613,542,690,517,775,516,854,548,898,614,544,615,542,672,540,729,538,791,448,860,492,871,539,882,587,875,633,865,291,641,332,621,379,619,428,641,379,646,332,649,662,646,713,624,763,630,808,652,760,660,710,655,365,1033,432,997,491,983,539,995,585,985,645,1002,715,1041,645,1051,583,1044,535,1044,485,1041,428,1045,391,1028,490,1016,538,1021,585,1018,688,1036,583,1004,536,1005
"147_1",2144,1766,261,1050,260,1214,273,1370,298,1526,351,1676,450,1805,583,1906,727,1989,886,2012,1038,1992,1173,1915,1296,1822,1390,1706,1445,1567,1479,1419,1508,1271,1523,1117,395,897,474,807,591,764,720,758,837,795,1053,812,1169,789,1290,794,1393,845,1450,943,941,987,940,1072,939,1157,939,1249,810,1374,868,1387,925,1397,979,1392,1030,1383,538,1012,612,971,700,974,777,1032,695,1046,606,1045,1076,1047,1158,994,1244,1000,1312,1048,1244,1073,1158,1069,690,1640,779,1578,866,1536,917,1553,968,1537,1041,1583,1111,1641,1034,1676,964,1693,910,1698,855,1696,773,1679,731,1637,863,1611,914,1616,966,1611,1069,1639,964,1608,913,1613
"108_1_1",1667,1346,120,924,128,1024,139,1121,157,1223,193,1317,258,1395,339,1460,415,1525,511,1562,622,1553,725,1510,833,1454,917,1375,966,1267,997,1147,1024,1023,1044,891,145,850,181,786,256,770,336,777,415,799,532,796,626,765,731,763,828,787,905,848,475,923,469,972,462,1017,454,1066,391,1147,432,1160,475,1169,522,1161,571,1152,235,915,281,871,345,870,394,935,337,943,273,940,616,935,667,873,735,872,794,917,741,943,671,944,365,1289,397,1258,440,1240,476,1252,510,1243,582,1270,651,1306,583,1358,514,1382,476,1381,436,1371,397,1338,390,1288,441,1270,477,1276,511,1276,623,1300,511,1333,476,1334
"141_3",1983,1605,197,1030,217,1186,240,1336,275,1484,339,1616,439,1719,575,1787,715,1839,864,1851,1007,1824,1134,1762,1250,1679,1326,1559,1367,1419,1384,1274,1393,1124,1393,970,341,904,410,825,512,788,622,793,720,834,915,830,1011,785,1113,769,1213,796,1276,869,834,964,841,1044,848,1122,855,1204,751,1317,803,1326,855,1329,902,1322,948,1311,478,1013,539,973,611,969,682,1010,617,1029,541,1036,959,1002,1024,954,1095,953,1154,988,1101,1017,1027,1017,662,1533,741,1487,814,1456,857,1469,901,1453,969,1481,1035,1521,972,1556,909,1570,862,1576,815,1574,744,1564,693,1528,814,1514,857,1517,903,1512,1005,1518,904,1511,858,1516
"159_2",1333,1054,170,698,183,793,204,882,221,970,243,1054,283,1128,352,1177,432,1205,525,1217,619,1206,703,1181,773,1135,816,1064,841,981,858,891,876,800,888,703,231,667,280,619,349,599,424,599,493,618,573,621,639,606,710,603,775,621,820,664,533,673,535,736,537,799,538,865,450,903,490,915,534,925,578,916,617,904,306,682,348,662,389,660,435,688,391,688,348,690,621,689,663,661,705,662,746,682,707,690,664,689,396,1012,445,992,492,984,530,994,566,987,611,997,661,1019,608,1020,563,1020,526,1022,489,1018,444,1013,412,1006,491,1000,529,1006,566,1002,645,1013,564,1000,527,1002
"140_4_1",1037,912,165,551,181,622,202,692,224,759,253,820,300,872,365,905,435,923,510,931,581,918,645,894,703,853,739,796,754,730,763,661,771,592,778,524,237,474,278,443,330,428,388,428,438,446,533,446,580,427,635,425,685,437,724,467,490,504,493,536,496,567,500,601,446,658,473,663,500,665,526,659,548,653,307,521,341,503,377,502,408,526,377,532,341,532,563,522,594,497,629,497,660,513,633,524,598,526,382,758,427,726,474,708,504,713,535,705,577,719,615,745,579,781,539,797,506,801,475,800,429,788,398,755,474,733,504,733,536,730,599,745,537,769,504,773
"160_1_1",1347,1055,87,653,91,752,98,855,113,953,151,1045,209,1129,288,1199,385,1257,499,1282,614,1265,719,1213,804,1142,868,1057,913,966,934,868,944,769,957,668,183,530,228,476,297,450,376,444,446,471,579,470,659,455,737,468,800,505,839,556,516,574,515,625,513,676,512,731,429,823,467,834,505,840,544,837,578,833,266,628,313,614,362,613,411,623,368,641,314,645,607,630,660,621,710,631,755,647,709,659,659,654,365,998,421,949,472,924,499,936,538,930,592,964,639,1015,590,1066,539,1080,496,1081,461,1075,413,1054,395,993,471,968,498,975,537,973,609,1006,537,1003,496,1005
"191_3",1119,868,104,560,107,653,114,744,128,834,159,919,211,992,278,1050,357,1090,443,1102,528,1088,600,1047,663,990,708,919,732,834,743,747,756,660,763,571,198,531,238,502,290,491,343,499,392,522,506,521,555,498,610,494,662,508,698,543,447,584,447,639,446,695,446,752,386,783,414,794,445,803,473,794,502,783,258,583,293,564,335,567,370,597,331,605,288,603,522,601,559,571,602,569,636,589,604,608,561,609,333,877,379,859,417,852,446,858,474,851,508,857,547,873,509,891,476,898,447,903,417,901,378,893,351,876,417,878,446,880,474,876,529,872,475,870,447,874
"248_4",1489,1123,134,754,151,867,177,975,205,1080,245,1179,309,1267,391,1338,478,1400,570,1418,661,1398,746,1334,827,1265,890,1181,929,1077,950,971,971,863,983,751,222,694,276,653,347,639,421,652,488,680,659,674,725,642,796,627,866,640,915,682,578,771,581,840,584,906,587,975,514,1038,549,1047,583,1054,616,1047,647,1037,311,780,358,754,413,755,460,793,411,805,356,806,682,790,729,750,784,746,829,772,790,799,734,801,455,1196,506,1160,548,1139,580,1150,614,1140,652,1161,693,1192,651,1217,612,1228,578,1232,544,1230,503,1220,480,1193,548,1175,580,1180,613,1176,670,1191,611,1178,577,1182
"204_5",1363,1021,112,680,123,786,138,889,155,993,187,1088,250,1169,328,1231,415,1286,511,1303,608,1287,693,1232,769,1168,826,1089,857,993,870,889,881,787,891,684,190,581,237,532,307,513,380,525,446,554,562,555,632,531,706,523,775,544,818,595,505,652,506,718,507,781,509,849,432,916,470,927,508,934,547,927,583,920,269,654,314,629,366,634,411,674,363,681,310,679,598,680,645,641,696,640,739,666,701,689,648,689,373,1075,425,1043,474,1024,510,1039,550,1027,600,1047,648,1076,601,1102,551,1114,509,1117,470,1113,422,1100,398,1072,473,1059,509,1064,550,1060,624,1073,549,1062,509,1066
"252_3",1573,1144,149,871,155,985,172,1097,196,1207,235,1306,303,1392,395,1452,499,1495,600,1508,697,1486,789,1434,867,1365,923,1280,955,1183,975,1081,992,978,997,873,252,789,306,742,379,733,451,751,513,784,668,784,731,756,800,744,867,757,913,801,595,863,595,943,597,1022,598,1102,512,1138,553,1156,597,1168,640,1155,677,1135,337,870,383,838,437,840,485,883,435,887,381,886,687,880,735,838,787,837,832,866,790,881,738,883,444,1274,510,1247,565,1232,599,1241,635,1231,684,1244,742,1266,684,1291,636,1306,599,1311,563,1309,509,1297,467,1271,564,1266,599,1269,636,1263,719,1265,634,1267,598,1272
"198_1",923,741,65,471,76,539,87,605,101,669,124,730,167,779,234,811,307,831,387,835,466,825,539,801,600,765,634,710,647,645,652,578,658,510,663,439,116,429,152,392,205,377,262,379,317,393,399,390,450,370,507,361,562,370,603,401,358,434,359,474,360,513,361,555,318,595,342,602,369,606,395,598,420,588,190,464,220,443,256,440,293,460,258,470,222,473,433,452,465,428,501,426,535,442,505,456,468,458,278,689,317,664,347,651,374,656,399,650,434,659,480,678,438,684,404,685,379,686,352,686,319,688,293,684,349,669,376,671,401,668,465,676,401,665,376,668
"154_1_2",1562,1204,163,843,182,957,203,1068,224,1175,255,1278,321,1358,412,1419,505,1466,610,1485,712,1471,801,1424,886,1361,946,1280,977,1178,998,1074,1023,969,1047,859,257,798,323,754,408,740,497,748,581,772,698,776,779,758,863,753,941,770,995,816,639,854,639,902,640,948,641,997,559,1076,595,1088,633,1096,669,1090,703,1080,365,854,418,826,477,824,526,866,473,879,413,878,733,869,783,828,842,832,891,862,845,884,785,882,480,1232,537,1197,590,1176,625,1186,659,1179,706,1204,754,1240,702,1274,655,1289,619,1290,581,1286,533,1270,506,1230,589,1206,623,1211,657,1210,729,1237,655,1242,620,1244
"150_1_2",2201,1671,168,1122,190,1283,226,1439,265,1589,318,1735,404,1862,525,1961,651,2036,784,2064,915,2037,1043,1965,1163,1869,1246,1740,1297,1596,1335,1443,1367,1290,1386,1130,291,1117,385,1075,492,1073,600,1090,705,1119,878,1118,981,1089,1088,1069,1195,1069,1285,1111,790,1240,789,1329,788,1417,786,1506,697,1577,740,1590,784,1597,829,1591,872,1580,447,1219,519,1199,596,1200,652,1253,586,1272,508,1264,927,1252,990,1201,1066,1196,1132,1219,1076,1263,998,1269,606,1727,679,1715,743,1700,781,1715,821,1702,888,1723,961,1737,889,1802,823,1828,779,1831,736,1824,675,1790,641,1732,741,1745,781,1752,822,1748,929,1743,822,1767,781,1770
"210_4",1344,960,102,697,114,798,136,895,155,989,185,1080,239,1161,313,1225,395,1277,483,1292,572,1271,652,1219,725,1157,778,1073,807,982,824,886,845,788,859,684,152,648,200,602,269,586,342,592,407,616,539,606,608,585,679,575,747,592,795,634,480,701,482,761,485,820,487,880,415,946,450,951,484,956,517,950,548,944,236,727,280,709,328,707,372,732,329,741,279,744,580,728,626,702,673,703,715,721,676,738,628,737,360,1083,405,1046,450,1024,481,1034,514,1024,554,1045,595,1080,554,1114,514,1127,480,1131,447,1129,403,1117,382,1080,450,1063,481,1066,514,1062,571,1077,513,1066,480,1071
"229_2",973,781,117,501,118,573,123,644,134,715,155,784,190,847,237,900,294,943,368,956,444,947,511,912,568,865,611,806,640,740,656,668,666,593,672,518,163,454,189,412,238,394,291,398,341,413,415,415,468,403,525,404,575,429,604,471,375,466,372,508,369,548,366,593,311,642,338,652,367,660,399,654,429,648,218,480,246,460,281,462,309,486,278,492,244,492,451,494,483,473,519,475,547,498,517,507,483,504,265,754,305,740,339,734,368,742,399,735,437,744,483,764,437,776,398,780,368,781,338,778,304,771,280,754,339,753,368,757,399,754,468,762,398,758,368,760
"110_1_1",1729,1316,186,921,198,1048,212,1176,228,1304,269,1423,349,1517,457,1583,576,1624,706,1633,827,1613,931,1553,1024,1476,1102,1381,1146,1266,1165,1142,1173,1025,1181,905,293,819,347,735,439,693,540,694,636,720,787,722,877,700,970,698,1052,734,1099,811,715,864,715,923,716,979,718,1042,617,1151,667,1155,718,1159,767,1153,817,1148,390,904,450,863,520,862,585,913,520,930,447,931,824,910,883,857,951,858,1005,897,957,924,888,926,544,1341,615,1280,685,1246,728,1260,772,1247,833,1277,890,1335,831,1372,772,1385,724,1387,677,1384,611,1376,578,1331,683,1309,727,1314,773,1310,857,1327,770,1312,724,1317
"184_2",1094,886,103,530,117,615,134,698,150,780,178,860,227,926,291,979,365,1017,450,1025,536,1009,608,960,669,901,716,829,739,747,749,664,756,583,762,497,171,499,209,458,266,440,327,445,385,465,486,466,539,440,598,429,656,441,697,481,440,520,443,576,445,632,448,690,385,727,416,736,449,743,480,733,509,723,238,542,271,520,314,516,350,540,314,555,270,558,523,534,557,506,598,503,634,524,603,543,561,543,334,842,383,829,423,818,453,825,483,815,520,819,563,823,523,852,487,865,456,869,425,870,384,862,350,841,423,835,454,838,485,832,547,825,485,831,455,837
"179_2",1037,893,145,574,155,650,165,722,180,791,214,854,266,906,334,941,402,969,469,977,535,968,597,938,659,901,707,846,734,779,744,704,749,630,754,552,194,516,224,467,278,441,340,439,399,453,500,440,559,416,622,415,677,443,706,494,454,519,458,565,462,611,465,659,406,705,436,712,466,717,494,711,518,702,265,547,297,526,335,522,374,541,339,551,300,555,527,533,567,510,604,510,636,528,605,540,567,539,362,809,402,784,436,774,463,780,491,771,526,780,563,800,530,812,497,821,467,824,439,823,405,818,378,804,437,795,464,798,493,793,549,796,494,793,465,797
"192_1_2",1830,1378,146,998,165,1134,194,1263,225,1385,270,1502,354,1598,467,1666,584,1722,711,1732,835,1708,951,1649,1061,1579,1143,1481,1184,1358,1202,1229,1219,1096,1232,958,233,929,302,866,400,848,500,866,591,899,772,895,866,857,963,833,1060,844,1130,899,685,995,688,1060,690,1122,693,1189,602,1279,650,1286,696,1289,743,1279,788,1269,365,1037,424,1019,484,1014,551,1034,489,1049,425,1055,821,1023,884,997,944,997,1006,1011,949,1031,886,1033,529,1456,608,1416,662,1394,702,1403,747,1391,804,1411,877,1442,805,1462,751,1472,706,1477,663,1477,609,1472,562,1449,663,1426,703,1429,749,1424,843,1440,748,1418,703,1425
"158_5",3335,2377,147,1734,162,1991,191,2245,248,2488,349,2716,531,2907,764,3052,998,3171,1249,3209,1493,3160,1697,3023,1896,2867,2055,2679,2133,2446,2159,2204,2175,1970,2190,1740,306,1507,444,1367,647,1305,862,1319,1053,1395,1380,1395,1581,1344,1788,1340,1980,1404,2091,1555,1231,1643,1232,1787,1236,1923,1242,2069,1029,2257,1131,2277,1234,2289,1331,2273,1423,2256,536,1686,663,1612,813,1613,935,1717,807,1748,653,1743,1497,1723,1619,1621,1764,1631,1881,1707,1774,1756,1626,1757,829,2605,1006,2561,1150,2516,1235,2544,1327,2514,1464,2558,1615,2593,1466,2681,1338,2727,1241,2737,1151,2733,1010,2691,891,2608,1147,2606,1234,2616,1327,2599,1554,2595,1332,2617,1239,2634
"145_1_2",2735,2179,293,1438,313,1627,344,1820,389,2006,448,2194,555,2363,710,2493,889,2579,1107,2597,1321,2572,1493,2470,1640,2335,1743,2164,1793,1982,1835,1799,1872,1620,1893,1437,478,1274,592,1191,732,1146,885,1155,1028,1207,1238,1215,1384,1168,1538,1164,1675,1218,1761,1317,1139,1373,1134,1486,1132,1598,1129,1714,975,1856,1045,1873,1119,1889,1189,1878,1257,1865,653,1399,742,1342,843,1340,933,1414,841,1431,737,1432,1312,1420,1404,1353,1507,1358,1592,1417,1510,1448,1406,1445,803,2101,916,2037,1026,1994,1109,2016,1189,1996,1295,2046,1405,2121,1293,2152,1189,2167,1105,2172,1020,2166,913,2140,848,2096,1027,2066,1108,2074,1191,2070,1362,2115,1187,2070,1105,2077
"139_4",1456,1028,156,677,168,782,184,887,197,990,224,1091,273,1185,337,1272,414,1346,516,1370,620,1351,703,1281,772,1198,825,1106,850,1005,860,901,877,799,890,697,196,644,243,586,321,570,401,582,477,611,589,620,667,597,745,585,820,603,863,664,530,678,530,736,531,796,531,859,459,927,493,937,529,947,565,938,601,930,284,686,326,656,382,657,428,697,378,707,322,708,630,703,676,668,732,669,772,701,733,722,678,718,388,1075,437,1052,494,1037,529,1049,564,1038,619,1055,670,1077,619,1126,565,1150,528,1153,489,1149,436,1125,413,1080,492,1081,528,1086,564,1082,643,1083,564,1088,528,1094
"151_4_1",2774,2249,276,1531,304,1727,345,1910,389,2094,459,2275,585,2421,764,2531,952,2617,1145,2638,1337,2593,1510,2484,1673,2362,1788,2199,1838,2007,1857,1807,1870,1610,1875,1414,368,1323,437,1194,573,1127,731,1131,873,1176,1161,1156,1303,1094,1466,1083,1611,1131,1714,1234,1044,1396,1054,1517,1065,1633,1078,1756,946,1911,1018,1921,1090,1925,1163,1910,1231,1894,544,1494,630,1450,729,1442,833,1484,741,1516,637,1526,1271,1454,1365,1405,1461,1406,1552,1436,1470,1471,1369,1475,872,2214,983,2151,1061,2102,1108,2117,1162,2098,1251,2138,1365,2187,1261,2227,1177,2243,1120,2249,1070,2248,990,2241,924,2203,1064,2162,1111,2166,1165,2158,1317,2182,1168,2163,1113,2169
"177_3",1265,1032,142,648,154,742,171,832,192,921,226,1001,283,1066,358,1114,436,1153,519,1164,600,1149,675,1107,745,1057,795,988,821,904,836,816,851,727,862,636,214,568,258,526,319,503,385,506,445,528,580,525,639,502,704,500,763,522,800,566,514,606,516,661,517,714,519,770,461,828,489,836,518,841,546,836,573,828,294,626,335,597,387,597,431,633,385,646,333,647,588,633,634,596,684,594,723,623,688,645,636,645,405,946,454,920,494,909,521,917,547,910,584,923,628,945,584,956,548,962,520,965,491,963,454,957,425,941,493,932,521,936,548,933,610,940,547,930,520,934
"261_1",2686,2338,358,1394,387,1612,424,1813,467,2008,543,2188,672,2329,847,2418,1026,2492,1213,2514,1398,2489,1574,2413,1747,2320,1867,2181,1935,2003,1965,1808,1989,1611,2009,1402,507,1289,625,1195,782,1164,947,1174,1095,1223,1306,1221,1465,1177,1629,1166,1785,1202,1895,1299,1212,1331,1213,1425,1215,1516,1217,1614,1079,1751,1148,1766,1214,1773,1280,1766,1347,1752,724,1367,816,1318,920,1312,1016,1368,922,1387,817,1396,1399,1373,1498,1317,1600,1331,1687,1382,1599,1406,1497,1399,971,2022,1070,1933,1156,1890,1219,1906,1287,1890,1371,1935,1455,2016,1365,2026,1286,2031,1219,2035,1154,2032,1072,2027,1021,2004,1155,1951,1218,1957,1285,1951,1404,1998,1285,1949,1219,1957
"135_3",1746,1350,168,932,182,1062,203,1184,230,1307,270,1420,338,1513,435,1578,543,1630,660,1648,778,1638,890,1593,995,1534,1068,1446,1115,1333,1140,1208,1162,1088,1180,960,275,817,341,767,426,758,512,778,594,811,777,820,863,793,949,781,1032,799,1086,854,689,901,687,977,686,1052,685,1131,589,1191,633,1207,680,1220,726,1211,770,1200,381,914,433,894,488,896,541,924,487,930,431,930,823,939,882,919,935,924,983,947,933,957,880,951,495,1350,571,1315,633,1297,675,1309,722,1303,781,1329,845,1369,777,1386,717,1385,669,1383,624,1378,566,1371,527,1348,630,1335,673,1341,720,1342,814,1364,719,1334,672,1332
"228_5",1435,958,97,729,99,837,104,946,115,1050,152,1144,215,1228,296,1298,381,1358,470,1378,560,1364,645,1304,724,1236,788,1151,832,1058,861,964,881,863,894,758,143,684,197,648,268,647,337,663,401,694,558,705,631,683,707,677,780,686,835,723,483,775,479,843,476,912,473,984,397,1022,433,1037,470,1051,509,1043,546,1034,233,754,281,735,333,741,377,776,328,781,275,777,588,787,635,755,687,758,732,781,689,798,636,796,338,1156,383,1137,432,1127,470,1143,511,1132,562,1150,614,1165,563,1205,511,1222,468,1224,427,1217,380,1195,358,1160,430,1158,469,1167,511,1163,592,1168,511,1165,469,1169
"261_8",2327,1771,177,1199,191,1365,216,1527,241,1696,292,1852,391,1984,533,2088,693,2179,872,2216,1051,2194,1201,2100,1336,1989,1433,1855,1487,1699,1521,1535,1552,1378,1570,1213,314,1061,388,956,514,912,653,921,780,966,982,965,1114,924,1251,920,1377,970,1451,1070,891,1090,894,1176,896,1260,899,1350,763,1491,826,1510,889,1525,951,1512,1009,1496,474,1137,550,1081,637,1077,715,1137,638,1151,549,1157,1058,1142,1147,1087,1232,1096,1299,1156,1230,1172,1143,1162,643,1768,740,1697,828,1658,888,1674,955,1658,1037,1699,1112,1765,1031,1796,950,1813,881,1819,817,1814,735,1801,685,1763,825,1730,886,1734,954,1729,1070,1761,949,1731,882,1739
"135_4",1807,1490,176,912,190,1053,205,1188,215,1329,244,1464,311,1575,425,1647,560,1704,713,1719,866,1710,1006,1655,1130,1586,1207,1476,1245,1343,1261,1201,1280,1065,1299,918,253,830,318,756,424,736,529,754,626,796,851,789,947,743,1051,722,1154,744,1213,818,737,889,737,984,737,1077,736,1174,614,1225,671,1246,730,1264,793,1246,849,1228,373,914,434,881,505,884,568,924,503,936,431,938,900,925,968,883,1034,881,1089,913,1039,938,970,938,501,1408,597,1389,673,1380,727,1394,788,1383,860,1400,940,1418,855,1437,779,1443,717,1444,661,1439,587,1429,532,1408,669,1410,724,1417,787,1414,912,1417,782,1410,720,1415
"211_4",1168,845,104,610,115,694,131,773,147,848,174,919,217,982,269,1034,328,1079,395,1093,463,1081,522,1039,579,992,624,929,653,858,671,782,693,703,709,620,142,602,184,565,244,559,303,571,358,594,441,596,499,574,558,564,618,573,658,608,402,652,401,698,401,743,400,790,345,830,371,837,399,842,427,838,453,833,221,660,255,654,289,652,323,663,290,668,255,669,479,665,516,655,549,657,581,665,550,673,515,671,322,928,353,908,382,895,399,903,419,898,450,913,481,935,449,957,418,968,397,969,376,966,349,954,338,927,381,925,399,928,419,927,465,933,418,928,398,930
