"","height","width","outer_left_eyebrow_x","outer_left_eyebrow_y","inner_left_eyebrow_x","inner_left_eyebrow_y","inner_right_eyebrow_x","inner_right_eyebrow_y","outer_right_eyebrow_x","outer_right_eyebrow_y","top_nose_x","top_nose_y","nose_tip_x","nose_tip_y","outer_left_eye_corner_x","outer_left_eye_corner_y","inner_left_eye_corner_x","inner_left_eye_corner_y","inner_right_eye_corner_x","inner_right_eye_corner_y","outer_right_eye_corner_x","outer_right_eye_corner_y","left_mouth_corner_x","left_mouth_corner_y","right_mouth_corner_x","right_mouth_corner_y"
"104_4",2010,1536,335,899,695,859,935,844,1263,862,826,967,843,1267,476,989,677,998,954,988,1149,967,649,1516,1015,1505
"261_10",2595,1731,1594,405,1680,420,1711,428,1739,424,1692,443,1697,508,1613,428,1651,437,1699,445,1726,447,1618,532,1690,543
"220_4",965,840,196,402,384,390,493,387,678,410,439,468,436,619,256,467,364,479,511,483,617,474,338,747,532,751
"219_2",1277,898,159,595,411,585,490,591,738,628,450,638,439,791,241,640,362,652,533,662,653,666,311,967,559,978
"152_2",2468,1677,283,1064,773,926,945,910,1403,1047,875,1025,891,1323,458,1095,700,1090,1004,1089,1241,1099,630,1638,1095,1637
"2070",2092,1750,343,1074,796,994,1013,999,1429,1062,900,1139,914,1406,483,1165,742,1184,1052,1174,1306,1143,663,1672,1143,1659
"178_1",1103,940,210,506,444,498,548,498,761,504,498,550,503,678,288,569,412,578,573,577,690,570,374,833,625,823
"185_1",1408,1117,228,667,509,662,659,655,909,647,585,739,593,932,325,747,472,763,682,758,821,735,432,1091,719,1103
"125_3",2061,1651,334,1015,725,950,915,946,1291,984,825,1083,846,1347,459,1116,660,1124,983,1116,1178,1104,626,1656,1046,1638
"233_1",1408,1126,181,578,447,549,600,555,896,603,518,644,497,774,253,673,403,684,653,690,808,687,367,1082,681,1087
"117_1",2259,1687,349,1129,802,1103,1019,1103,1408,1114,905,1244,911,1523,481,1257,724,1280,1058,1278,1283,1249,636,1798,1153,1788
"201_3",1202,923,208,617,410,594,514,595,727,612,465,646,461,810,266,661,386,668,545,665,667,656,345,968,584,967
"201_4",1023,802,153,505,314,493,412,486,595,477,366,542,373,701,207,550,306,559,443,550,545,530,299,820,478,809
"212_1",1153,983,178,512,418,495,524,501,770,540,466,573,461,699,263,580,385,593,552,602,680,601,362,895,556,906
"136_1",1255,1021,193,619,446,582,567,584,830,634,504,663,500,814,274,683,413,694,603,695,739,689,349,986,641,982
"220_3",1089,842,152,453,370,434,489,430,692,451,431,498,429,650,222,516,339,523,515,524,626,517,296,820,532,834
"276_5",2403,2156,345,1283,967,1199,1201,1190,1791,1249,1085,1349,1101,1600,546,1401,842,1407,1319,1394,1607,1376,814,2000,1330,1970
"159_1",1572,1176,176,701,489,678,642,687,939,730,566,767,562,960,278,775,452,788,671,798,842,798,415,1195,703,1207
"152_5",2282,1737,330,1107,776,1092,987,1101,1417,1186,882,1236,870,1478,463,1220,698,1253,1037,1279,1271,1278,651,1818,1045,1842
"280_1",2416,1880,295,1234,720,1173,957,1156,1429,1210,852,1324,862,1667,442,1351,678,1363,1042,1352,1288,1328,658,1987,1104,1993
"196_3",982,740,151,424,327,421,425,430,599,453,377,485,377,628,200,493,299,505,446,510,547,505,262,771,479,775
"2077",2182,1645,223,1016,644,916,805,912,1276,1014,730,1085,732,1370,355,1127,599,1135,886,1136,1136,1118,554,1711,943,1714
"108_3",1434,1145,210,570,470,514,640,525,900,586,559,598,560,765,305,638,457,634,661,636,812,645,416,1016,703,1014
"287_5",2103,1557,315,944,693,954,881,950,1259,970,780,1081,766,1438,449,1064,645,1090,917,1101,1116,1084,567,1655,954,1675
"155_1",1368,997,206,612,465,571,580,567,822,613,528,632,530,801,287,657,415,665,614,670,741,666,377,991,642,997
"243_3",1620,1234,233,685,544,628,687,640,1002,706,620,741,626,979,338,779,491,784,756,784,907,779,472,1270,804,1241
"167_3",1649,1187,161,682,467,641,657,638,960,678,560,740,560,921,254,781,445,784,681,783,868,781,383,1211,749,1203
"2005",1987,1451,299,990,696,953,870,965,1205,1017,778,1092,775,1366,400,1089,624,1124,908,1135,1114,1118,565,1624,937,1636
"271_1",1528,1175,234,700,532,651,667,652,945,724,602,734,605,913,324,756,475,766,708,774,855,773,457,1168,737,1172
"262_4",1686,1378,330,943,670,933,817,935,1119,954,741,1016,738,1191,446,1011,617,1032,841,1034,1007,1015,572,1377,869,1380
"146_4",2421,1932,424,1150,917,1131,1139,1136,1588,1170,1023,1274,1032,1649,584,1261,840,1302,1187,1304,1433,1273,742,1884,1261,1855
"129_4",2310,1997,422,1043,870,970,1106,976,1542,1094,977,1157,960,1404,564,1206,793,1220,1161,1238,1385,1250,691,1747,1233,1762
"2079",2076,1590,306,1070,683,1006,886,1006,1264,1072,787,1176,795,1421,430,1192,653,1220,928,1222,1147,1198,642,1717,968,1737
"189_1",1755,1448,310,853,642,828,807,842,1146,872,719,967,730,1226,419,957,604,985,849,985,1031,959,558,1425,910,1409
"262_3",1779,1323,224,830,584,799,758,799,1103,827,672,893,676,1119,331,927,533,938,801,934,1003,918,508,1419,848,1412
"146_3",2217,1697,404,981,775,931,995,944,1366,978,886,1067,900,1376,520,1091,738,1112,1031,1110,1251,1078,705,1669,1110,1667
"250_1",1818,1386,208,916,600,857,776,860,1152,923,683,973,677,1181,342,995,539,1017,822,1014,1021,989,532,1462,831,1452
"129_3",1792,1370,249,736,577,647,734,648,1058,718,663,772,661,1000,360,821,538,821,779,816,960,812,505,1317,834,1310
"108_4",1746,1486,300,782,681,748,834,757,1185,833,761,850,763,1056,423,858,616,878,879,890,1068,888,588,1346,891,1355
"215_2",1009,709,145,439,302,404,377,399,557,427,337,453,337,596,194,477,283,475,409,471,501,470,253,748,458,732
"287_2",2051,1666,365,878,752,766,922,751,1339,825,851,896,863,1232,486,963,695,949,1002,946,1219,943,659,1607,1068,1603
"243_4",1927,1441,239,809,603,721,801,705,1179,807,690,851,675,1090,349,910,561,908,845,904,1061,904,486,1427,896,1424
"167_4",1263,996,205,599,464,587,581,584,825,581,525,660,531,797,288,669,429,677,615,674,752,658,410,1002,651,999
"271_6",1787,1353,271,1013,598,981,756,979,1089,1021,683,1071,680,1310,375,1082,554,1095,805,1098,985,1086,493,1456,864,1454
"241_2",1493,1145,212,596,502,540,659,535,937,587,583,629,592,867,303,646,462,648,695,645,848,640,459,1110,741,1097
"2113",2229,1495,195,1178,568,1131,759,1119,1183,1167,671,1257,667,1547,313,1267,538,1298,833,1291,1058,1260,498,1797,878,1804
"101_6",1882,1449,300,810,701,727,840,726,1203,848,768,823,766,1056,425,857,619,867,905,880,1089,888,559,1337,953,1350
"120_1",1881,1689,414,885,814,828,976,821,1351,906,896,911,898,1097,526,974,743,975,1036,972,1244,974,715,1441,1077,1436
"236_3",1134,805,150,492,342,475,475,473,667,497,410,552,416,695,214,566,331,576,486,580,603,570,298,876,535,878
"112_3",2223,1640,356,986,739,973,926,983,1304,1001,832,1083,841,1412,466,1095,684,1123,973,1129,1189,1117,592,1762,1048,1772
"204_1",1332,945,157,603,422,578,538,572,785,597,486,644,495,818,242,655,377,667,581,669,710,656,358,1029,615,1031
"180_3",1170,895,197,557,399,518,498,518,703,534,455,569,470,719,257,599,370,599,533,590,645,579,352,919,594,901
"2037",2167,1545,276,1086,695,1034,883,1032,1273,1074,800,1163,804,1432,413,1170,631,1193,943,1196,1148,1178,601,1757,973,1759
"259_3",2142,1523,241,1069,675,1058,867,1057,1264,1050,767,1138,777,1463,371,1145,604,1166,911,1165,1144,1134,548,1710,981,1714
"236_4",1172,911,189,520,415,511,525,519,746,540,471,571,470,724,265,583,382,587,556,594,671,597,342,874,587,872
"112_4",1995,1348,227,892,586,838,793,834,1147,882,693,950,702,1212,358,989,553,996,833,995,1029,987,459,1467,944,1454
"180_4",1061,815,147,501,362,480,450,476,658,492,411,520,419,645,224,537,332,535,483,534,589,532,323,806,524,805
"2030",1988,1451,286,1032,685,1014,872,1012,1239,1027,774,1157,760,1445,409,1129,625,1172,906,1178,1117,1136,558,1629,950,1630
"144_2",1704,1289,258,709,572,663,747,660,1052,757,665,725,668,854,375,758,540,761,770,773,935,792,468,1157,810,1173
"259_4",1324,1160,232,612,499,572,616,586,898,631,559,658,554,798,320,677,454,687,667,695,803,696,409,993,675,1020
"2114",1852,1335,235,1036,605,1061,740,1064,1093,1049,670,1147,671,1395,343,1144,528,1156,804,1158,984,1148,515,1603,807,1600
"193_1",1023,772,168,547,347,524,451,511,620,516,406,550,415,657,232,578,332,572,471,562,569,556,315,820,514,809
"101_1",908,727,128,468,311,472,395,473,593,479,351,516,342,668,185,506,284,523,425,527,525,515,233,717,460,723
"217_3",1084,768,109,473,332,421,409,417,630,460,368,500,369,646,177,527,290,528,446,523,557,515,243,815,502,811
"133_3",2027,1601,302,830,696,782,894,791,1288,870,797,909,793,1182,424,909,649,934,935,948,1159,950,555,1540,973,1559
"194_5",1583,1157,259,821,557,785,701,792,970,845,627,875,621,1032,354,885,511,898,726,903,871,896,463,1242,765,1237
"169_5",1774,1373,283,741,605,666,783,675,1100,774,697,766,698,1010,391,802,559,797,824,807,989,825,481,1263,881,1289
"150_3",2271,1628,272,977,676,871,888,871,1292,988,785,1016,791,1304,413,1063,627,1066,942,1064,1155,1061,568,1682,1007,1677
"246_1",2307,1678,264,1086,690,971,886,966,1360,1059,789,1148,799,1429,392,1201,632,1209,960,1199,1207,1181,588,1852,1023,1832
"162_1",1423,1195,223,682,519,643,661,634,959,655,601,703,611,878,324,745,483,739,711,732,866,724,454,1105,779,1099
"289_3",3392,2700,458,1543,1121,1467,1517,1449,2181,1490,1344,1652,1363,2103,683,1727,1055,1737,1604,1721,1972,1679,979,2675,1714,2668
"274_3",1890,1328,223,854,554,858,740,854,1078,858,646,988,657,1207,324,998,516,1023,781,1022,971,997,484,1494,845,1493
"222_5",1082,836,95,477,298,445,398,438,614,467,348,517,345,630,164,530,277,540,431,535,547,522,266,815,461,803
"229_1",909,702,132,447,305,403,371,395,548,425,346,451,357,579,188,476,275,472,411,468,498,466,271,714,453,704
"127_2",1840,1410,301,819,676,727,823,718,1206,813,748,833,747,1075,421,872,611,877,885,875,1077,870,559,1380,943,1374
"2042",2071,1619,275,955,738,913,961,917,1357,950,855,1055,873,1371,424,1062,667,1087,1001,1085,1228,1050,643,1664,1047,1654
"208_1",956,693,103,477,285,459,392,450,583,459,341,509,342,632,173,519,278,526,409,520,515,506,238,733,447,738
"171_3",1564,1203,238,683,513,644,642,646,936,700,573,738,564,1000,320,752,472,768,678,773,833,767,397,1179,729,1181
"2045",2246,1647,199,1021,583,966,837,947,1339,991,686,1115,652,1414,315,1163,561,1163,916,1148,1171,1135,520,1753,965,1743
"267_1",1370,1036,195,652,452,630,573,624,840,656,519,702,524,897,282,701,420,718,617,720,755,705,377,1058,664,1068
"143_1",1759,1166,269,908,565,859,724,854,1009,866,646,945,649,1141,368,962,527,965,754,953,912,929,506,1344,801,1334
"255_3",1304,995,175,529,440,533,579,521,850,512,506,593,505,762,264,608,407,617,614,613,755,600,378,987,640,972
"194_2",965,756,144,425,340,389,423,383,604,415,381,434,377,550,204,452,306,453,452,450,549,444,281,718,474,711
"169_2",1394,1016,206,660,469,586,565,581,812,646,520,655,535,862,293,694,419,688,609,684,735,685,385,1077,671,1061
"274_4",2090,1950,357,1023,814,899,1011,895,1493,1001,918,1028,919,1265,517,1085,735,1077,1110,1071,1329,1072,712,1602,1185,1585
"2039",1943,1517,336,978,751,937,959,935,1311,999,864,1060,879,1326,469,1067,690,1083,980,1091,1188,1080,659,1591,998,1604
"2085",2247,1619,227,1099,644,1060,862,1052,1333,1060,754,1200,758,1454,366,1220,623,1246,927,1233,1184,1190,584,1767,1028,1762
"2054",2176,1593,331,1093,760,1037,961,1024,1361,1077,871,1177,888,1468,458,1194,703,1219,1006,1215,1248,1182,673,1781,1065,1779
"184_1",1535,1190,164,798,468,759,567,745,928,767,534,863,543,1067,266,870,435,888,651,877,821,850,439,1281,684,1271
"179_1",1678,1254,248,841,568,783,711,779,1022,830,638,887,636,1071,360,921,518,920,759,916,916,913,520,1319,771,1317
"200_3",1025,879,192,475,381,463,498,461,687,466,441,521,442,663,256,533,364,542,519,539,626,526,336,790,540,796
"116_1",1916,1508,290,797,675,664,852,678,1234,842,755,807,734,1022,404,877,605,871,911,884,1106,906,540,1406,936,1419
"232_1",1126,871,148,521,378,501,475,493,701,492,432,561,444,713,228,569,342,575,519,569,632,553,342,890,548,883
"221_4",1227,1014,187,604,406,576,500,568,732,588,453,650,449,796,263,685,374,676,546,672,659,676,361,984,570,982
"2028",2074,1405,228,1073,685,1041,840,1037,1220,1078,765,1172,770,1440,364,1169,597,1202,887,1200,1097,1168,572,1731,925,1716
"105_4",1833,1450,296,806,637,784,814,780,1130,801,729,891,738,1163,402,923,597,932,848,933,1040,924,560,1455,907,1448
"153_2",1701,1195,231,655,539,624,676,622,965,691,608,696,604,937,331,705,485,717,715,728,870,733,403,1170,760,1180
"158_6",3498,2898,533,1429,1293,1292,1666,1322,2290,1537,1489,1569,1504,1859,765,1666,1166,1674,1727,1711,2095,1750,1078,2604,1798,2653
"221_3",1052,760,121,473,304,440,400,426,598,453,355,489,352,649,179,501,284,507,429,502,534,490,255,797,465,795
"137_1",1520,1179,239,854,484,857,602,864,875,879,541,943,531,1117,323,912,462,943,636,950,778,933,438,1279,647,1284
"213_1",1151,906,197,559,415,537,537,537,746,577,472,615,463,757,265,619,390,633,546,637,669,628,344,921,577,918
"197_3",931,638,126,441,289,420,383,419,537,438,336,471,342,586,179,479,271,485,394,483,486,475,248,726,436,714
"281_1",2000,1603,346,1061,747,1020,926,1019,1305,1054,840,1121,845,1369,487,1131,700,1144,970,1144,1180,1132,669,1615,997,1632
"158_1",3577,2523,485,1634,1283,1526,1629,1537,2292,1678,1457,1769,1477,2268,741,1802,1149,1833,1685,1852,2060,1839,973,2795,1822,2770
"172_2",1268,998,214,583,461,538,583,540,818,585,524,610,528,795,296,631,426,633,619,637,744,636,384,985,672,988
"2082",2219,1716,382,1123,855,1054,1110,1030,1539,1095,988,1215,1009,1470,533,1258,815,1268,1122,1258,1391,1233,745,1812,1237,1800
"2053",2036,1820,433,966,905,885,1082,895,1506,1006,994,1030,1005,1299,575,1040,821,1064,1126,1082,1363,1075,760,1623,1166,1633
"147_4",1898,1535,378,983,724,906,874,893,1237,946,803,1035,807,1298,505,1069,681,1074,935,1063,1112,1040,689,1539,967,1533
"2021",1957,1436,225,982,578,948,793,933,1207,937,693,1076,685,1366,336,1094,550,1113,870,1102,1087,1065,551,1618,903,1606
"111_2",1986,1303,227,688,563,621,680,626,1019,704,628,691,635,842,337,730,503,731,739,734,905,737,449,1180,799,1167
"214_5",1011,863,197,437,388,382,478,381,673,439,437,456,441,541,259,496,362,489,508,490,611,498,350,758,548,748
"109_3",1429,1035,235,732,480,701,606,701,847,733,542,772,543,974,309,780,446,791,635,791,773,779,390,1130,677,1123
"2105",2056,1631,356,903,780,885,938,887,1354,932,859,1038,858,1357,479,1022,716,1067,992,1078,1231,1045,625,1601,1038,1617
"270_1",1342,1106,248,662,519,635,618,632,880,670,565,718,566,858,334,734,474,749,652,750,792,737,425,1066,699,1064
"242_3",1672,1232,219,700,544,680,701,682,1006,725,627,783,628,1016,325,796,495,817,740,827,909,819,431,1276,780,1284
"154_1",1594,1224,252,816,574,777,693,776,1003,809,635,856,643,1007,364,869,525,876,735,871,895,859,493,1251,767,1248
"214_2",1377,928,168,583,412,534,511,532,762,585,459,617,451,805,242,630,379,639,548,640,683,631,334,1042,586,1042
"286_2",3422,2616,415,1302,1017,1222,1372,1223,2072,1275,1182,1410,1151,1955,633,1441,969,1458,1482,1457,1832,1429,918,2489,1598,2473
"251_1",2569,1935,388,1262,931,1215,1234,1220,1698,1264,1077,1372,1094,1702,585,1397,856,1408,1263,1406,1520,1392,824,2036,1324,2028
"147_3",2244,1609,380,1130,734,1061,916,1042,1299,1060,834,1151,856,1487,496,1193,705,1193,981,1171,1188,1142,660,1726,1115,1701
"2026",1863,1246,123,896,518,812,665,831,1061,922,590,969,576,1276,220,971,440,1000,729,1013,947,1000,381,1525,725,1539
"263_3",1865,1447,259,892,609,803,764,798,1123,882,686,905,675,1129,367,955,563,959,828,960,1026,950,508,1422,884,1429
"188_1",1121,864,158,486,376,455,481,447,691,463,430,506,431,651,239,530,348,529,515,520,621,512,334,809,550,794
"175_1",1368,1107,193,669,478,644,605,647,903,661,551,710,559,886,296,737,445,739,653,740,800,736,406,1067,708,1060
"205_1",1158,880,166,542,381,497,502,498,719,517,442,581,445,735,232,609,357,614,525,611,653,596,316,902,575,912
"237_3",1012,711,142,466,343,454,429,460,611,502,378,521,370,661,200,519,299,533,451,542,549,541,253,780,461,787
"121_1",2006,1585,269,880,638,861,861,868,1227,903,758,1015,768,1295,394,1027,605,1051,905,1059,1108,1044,553,1566,974,1561
"261_5",2297,1777,345,1072,732,1078,927,1085,1304,1111,824,1195,824,1499,479,1175,683,1208,977,1215,1184,1197,630,1751,1018,1766
"258_3",1649,1383,231,770,607,686,753,682,1127,719,686,795,704,1012,360,856,555,848,818,831,1016,818,541,1281,903,1255
"228_8",1200,1058,202,583,483,527,591,525,866,581,540,611,539,688,298,645,437,647,633,646,771,644,418,908,648,907
"181_3",1190,943,251,550,481,547,545,538,774,551,516,593,511,748,327,592,443,603,590,605,703,597,408,896,626,911
"284_4",1924,1353,203,883,552,820,700,806,1069,859,626,898,623,1219,314,935,489,933,779,922,956,914,451,1477,826,1479
"2013",1650,1284,230,809,558,694,711,695,1046,791,631,837,638,1009,343,878,524,876,751,869,936,860,495,1334,814,1318
"164_2",1624,1171,180,774,507,665,659,662,987,725,591,768,604,996,297,811,460,801,723,791,885,784,415,1222,791,1218
"279_3",2125,1765,365,996,811,867,1033,863,1459,982,925,1015,919,1281,515,1085,743,1082,1093,1079,1314,1079,659,1657,1174,1653
"192_1",1830,1378,233,929,591,899,772,895,1130,899,685,995,693,1189,365,1037,551,1034,821,1023,1006,1011,529,1456,877,1442
"2014",1739,1359,170,783,513,702,713,705,1061,795,600,831,583,1012,276,877,463,875,749,879,941,893,417,1328,780,1344
"156_7",1514,1300,382,756,726,724,842,727,1091,757,790,804,821,989,489,806,644,823,870,822,1007,803,579,1152,924,1143
"224_1",1757,1244,201,1006,531,955,691,944,1021,985,609,1052,611,1227,304,1077,480,1078,733,1072,909,1061,449,1480,749,1478
"216_3",1078,852,169,474,379,426,510,424,714,460,451,512,461,649,233,544,356,547,535,541,655,530,329,835,585,836
"2068",2263,1641,198,1200,585,1160,808,1141,1267,1134,702,1287,702,1630,339,1292,568,1311,879,1297,1116,1251,543,1865,958,1858
"261_2",2281,1749,348,1049,792,917,943,916,1389,1029,862,1020,862,1351,473,1077,707,1083,1031,1075,1260,1070,633,1767,1127,1755
"145_2",2165,1638,287,896,670,805,948,810,1306,902,812,998,811,1353,418,1020,646,1036,962,1043,1183,1030,561,1630,1029,1641
"156_9",1505,1110,252,673,513,647,634,639,892,658,576,714,586,920,341,731,481,735,668,730,807,717,458,1152,731,1141
"254_4",1555,1140,226,666,463,638,637,639,888,677,541,744,530,968,283,756,437,772,655,778,808,770,397,1205,673,1205
"149_2",1777,1201,255,831,571,775,705,773,1000,830,642,833,646,1070,346,855,520,862,742,861,907,855,464,1327,794,1309
"275_3",1891,1458,302,829,655,774,846,783,1175,852,755,906,771,1196,410,940,594,948,888,956,1068,956,518,1432,966,1425
"288_3",2839,2179,351,1277,942,1123,1187,1119,1795,1228,1090,1295,1135,1665,537,1383,853,1381,1309,1360,1628,1331,810,2219,1455,2199
"163_1",1490,1088,151,707,424,663,554,664,845,731,486,778,470,966,219,792,380,806,599,814,763,806,331,1202,633,1214
"2066",2266,1578,309,1193,827,1068,981,1050,1424,1162,921,1215,955,1476,479,1266,737,1269,1042,1261,1288,1239,727,1827,1121,1819
"247_1",2765,1987,432,1182,925,1173,1148,1182,1614,1174,1038,1282,1051,1635,589,1263,840,1278,1225,1276,1463,1256,821,2066,1287,2041
"151_3",1983,1512,253,901,669,823,803,818,1220,916,740,919,728,1171,360,970,581,979,891,983,1108,983,500,1517,958,1527
"195_5",1990,1383,209,962,602,881,786,878,1166,927,706,999,717,1255,369,1037,546,1030,852,1028,1028,1028,523,1532,913,1526
"228_1",2013,1331,205,1026,596,1026,770,1013,1140,1005,690,1098,695,1334,347,1094,544,1113,823,1110,1011,1091,468,1542,913,1526
"288_4",2336,1709,386,1017,843,1022,1088,1017,1464,1038,958,1113,964,1491,514,1114,752,1133,1110,1138,1332,1122,628,1697,1161,1685
"163_6",1564,1134,151,667,483,620,650,611,973,674,567,731,566,935,254,752,442,763,686,764,875,760,395,1183,725,1188
"2061",2096,1846,416,1043,888,905,1111,898,1529,1018,1005,1085,1027,1406,575,1136,836,1146,1137,1138,1386,1115,753,1682,1242,1675
"151_4",2774,2249,368,1323,873,1176,1161,1156,1714,1234,1044,1396,1078,1756,544,1494,833,1484,1271,1454,1552,1436,872,2214,1365,2187
"168_2",1765,1248,254,710,602,650,715,654,1034,716,660,763,666,1028,378,784,540,789,762,793,922,792,457,1249,825,1252
"195_2",1730,1162,211,732,540,695,739,694,1027,721,645,797,662,1091,318,806,497,819,760,819,932,799,449,1289,808,1293
"228_6",1065,835,166,470,393,416,457,419,661,474,424,473,423,584,239,500,347,501,495,503,598,505,316,767,524,760
"223_2",976,755,148,435,341,432,439,433,619,433,391,472,395,606,203,478,312,483,463,481,569,474,261,719,497,724
"209_1",1021,775,114,477,336,413,403,416,628,462,372,469,372,585,180,514,296,508,445,504,562,501,246,771,510,764
"254_3",1593,1298,288,665,591,597,723,598,1040,677,656,704,652,921,375,735,541,742,779,747,948,744,499,1194,812,1194
"142_1",2446,1696,291,1257,689,1287,876,1288,1304,1233,785,1399,790,1705,421,1420,642,1423,956,1419,1180,1407,583,1934,1068,1930
"266_1",1645,1205,250,802,552,761,688,767,994,825,617,874,611,1028,345,907,502,906,735,915,895,928,445,1278,758,1291
"170_3",1388,1092,216,590,496,534,660,526,935,614,573,625,561,827,307,653,466,655,682,660,842,667,401,1033,717,1051
"2044",1940,1601,214,906,599,819,814,808,1249,896,706,992,699,1250,325,1018,579,1043,873,1037,1125,1014,535,1533,939,1528
"169_3",1523,1358,380,713,638,669,786,668,1037,698,713,753,723,960,470,786,612,789,815,782,954,775,585,1158,858,1157
"282_1",2570,2462,545,1214,1113,1101,1389,1107,1980,1247,1250,1286,1240,1508,748,1328,1046,1334,1462,1342,1771,1347,1006,2025,1477,2036
"194_3",1092,821,165,491,347,475,474,465,664,469,414,530,423,697,218,547,335,551,493,545,610,529,309,840,543,828
"2038",2105,1519,280,962,726,878,919,881,1332,1002,823,1017,820,1262,415,1040,650,1059,975,1075,1197,1075,595,1642,994,1656
"134_1",1841,1258,232,843,557,885,710,893,1035,883,628,938,614,1169,343,934,504,944,757,957,921,958,442,1348,769,1378
"222_3",1291,900,152,594,359,591,508,588,725,599,432,671,429,848,217,679,340,691,526,695,653,688,302,1038,545,1044
"106_3",2231,1633,300,908,740,858,1017,851,1434,880,882,1008,895,1387,439,1070,681,1070,1073,1067,1314,1056,629,1724,1151,1706
"210_1",1200,839,154,534,389,509,514,515,734,553,448,593,445,744,230,609,355,614,536,619,660,618,334,916,548,929
"169_4",1557,1372,304,705,568,669,719,667,995,708,644,753,643,931,384,772,533,778,757,783,906,783,489,1171,784,1183
"194_4",1535,1148,250,794,521,767,675,769,958,790,600,870,600,1047,342,883,498,893,707,888,861,874,480,1253,748,1247
"150_2",1874,1492,300,815,675,696,835,687,1200,785,753,815,756,1056,424,866,616,858,893,849,1085,846,526,1327,956,1349
"222_4",1610,1237,274,741,557,706,678,692,965,712,619,796,616,1017,356,827,506,829,733,820,884,806,469,1256,763,1259
"115_1",922,674,156,500,335,491,399,499,548,506,367,546,365,657,212,541,302,556,417,558,499,548,281,752,442,745
"203_3",1166,870,173,508,388,488,489,495,702,540,435,555,431,733,232,566,349,574,521,582,637,585,311,906,559,904
"127_3",1981,1423,274,932,608,898,811,898,1151,928,704,1001,705,1266,372,1031,585,1046,839,1041,1051,1015,535,1514,903,1513
"231_1",971,707,157,485,338,488,417,482,587,470,379,523,383,664,218,524,312,532,439,528,531,515,277,750,474,744
"2043",2071,1639,306,981,787,857,1008,860,1418,989,909,1033,933,1252,453,1094,718,1094,1054,1100,1303,1103,691,1649,1116,1649
"228_10",1395,1020,175,616,477,569,577,584,859,647,525,649,535,820,268,675,416,679,620,683,763,685,380,1074,672,1061
"148_3",2020,1443,251,983,619,927,750,930,1134,999,682,1023,667,1347,345,1046,550,1062,825,1067,1032,1055,456,1570,892,1574
"291_3",2227,1675,349,1119,753,1107,992,1111,1374,1111,879,1213,898,1580,476,1209,700,1233,1044,1233,1263,1205,685,1817,1088,1812
"2092",2175,1617,325,1067,760,988,945,982,1344,1059,862,1148,880,1438,453,1175,703,1198,993,1199,1234,1175,619,1727,1083,1727
"187_1",1585,1182,249,841,570,763,688,765,991,827,626,866,634,1049,348,917,509,909,738,897,896,890,439,1223,812,1197
"119_1",1962,1649,364,871,762,807,883,811,1267,864,821,929,825,1160,470,982,671,984,957,985,1152,992,627,1472,1013,1474
"2031",1850,1440,295,873,684,826,879,827,1224,879,783,960,783,1220,416,973,620,999,917,1001,1113,975,607,1488,931,1483
"144_3",2293,1838,384,1059,813,979,1057,994,1458,1062,932,1100,936,1395,528,1126,763,1132,1085,1135,1311,1129,671,1722,1193,1712
"252_1",1351,1038,187,619,447,613,586,611,838,626,521,689,527,883,272,693,420,711,614,712,759,696,395,1050,641,1051
"176_1",1143,860,170,553,397,529,496,531,718,568,452,576,462,732,254,592,368,596,524,599,638,600,342,861,550,865
"2115",2087,1392,254,999,625,942,803,945,1121,1009,720,1093,721,1384,356,1088,568,1122,831,1125,1025,1101,508,1635,878,1639
"241_4",1430,1144,230,664,498,680,649,679,909,673,577,771,568,963,319,767,466,790,676,790,826,770,427,1137,705,1145
"198_3",1183,801,148,568,339,552,456,545,652,555,398,595,399,749,205,616,322,623,479,620,595,609,293,932,522,930
"273_1",2402,1874,427,1176,916,1171,1132,1176,1572,1199,1010,1319,994,1583,577,1319,822,1345,1180,1350,1414,1337,782,1945,1169,1953
"157_1",1674,1219,270,854,587,835,741,834,1035,889,660,934,648,1134,378,916,546,945,763,958,922,948,515,1352,758,1364
"2112",1432,994,156,651,410,613,530,613,795,646,471,714,461,909,226,741,372,747,573,745,720,734,325,1107,600,1109
"101_7",1700,1441,347,724,653,706,880,712,1159,720,775,822,789,1053,450,835,626,856,899,854,1073,833,610,1276,935,1280
"138_1",1450,1247,283,779,553,737,671,729,938,739,613,803,620,977,384,828,512,824,718,811,844,800,490,1152,768,1130
"2036",1928,1525,294,833,739,731,920,732,1346,839,832,889,831,1120,409,928,666,951,987,953,1243,938,614,1494,1039,1509
"180_2",1385,887,172,544,382,466,473,458,710,517,429,528,427,674,242,559,356,555,516,547,630,543,339,869,548,863
"144_4",2078,1615,290,960,675,962,948,964,1321,972,814,1056,817,1313,439,1064,658,1079,963,1082,1180,1072,604,1618,1028,1616
"259_2",2206,1522,328,945,706,905,907,914,1242,993,805,1028,794,1381,452,1035,654,1051,924,1064,1124,1064,564,1669,951,1693
"262_2",2626,1996,336,1111,858,944,1109,922,1634,1065,994,1118,1006,1534,519,1180,811,1194,1175,1183,1459,1152,724,1968,1283,1973
"146_2",2184,1538,290,999,676,918,843,936,1226,1039,761,1046,762,1354,408,1056,612,1069,906,1081,1111,1083,530,1625,969,1639
"206_6",1087,892,196,494,417,480,522,492,725,523,464,557,459,725,259,552,381,576,542,583,659,569,346,874,555,875
"131_3",1990,1448,313,823,627,803,856,789,1168,818,741,935,740,1244,400,964,588,981,880,980,1072,961,543,1512,929,1501
"227_1",1113,822,150,518,356,486,459,475,658,477,414,542,427,683,219,559,330,561,488,549,596,532,333,854,521,845
"103_1",1982,1422,226,957,615,913,853,894,1215,884,742,1021,763,1339,353,1067,583,1073,887,1050,1108,1018,550,1606,957,1590
"215_3",975,755,161,435,321,445,424,439,589,442,374,492,369,626,212,490,307,503,443,505,539,496,282,759,457,763
"287_3",2607,2060,449,1143,945,974,1177,977,1619,1138,1073,1128,1085,1484,594,1206,861,1197,1225,1206,1489,1214,775,1957,1352,1950
"191_1",1347,1017,164,679,401,655,548,645,800,654,480,731,483,922,256,746,391,754,576,743,708,725,388,1086,614,1077
"248_1",1549,1128,220,773,483,766,623,761,892,769,557,848,564,1028,308,863,451,874,667,871,805,855,432,1225,711,1222
"2003",1891,1308,249,925,596,924,769,922,1086,938,674,1001,664,1239,363,982,556,1012,787,1017,975,992,444,1410,870,1409
"108_2",1982,1268,182,666,582,565,725,574,1089,700,650,692,651,925,312,735,510,737,775,749,967,760,450,1243,833,1262
"131_4",2197,1583,470,1088,857,1088,1065,1111,1367,1176,950,1234,940,1517,586,1218,793,1254,1045,1278,1240,1274,673,1755,1048,1793
"243_2",2043,1613,336,897,738,776,884,760,1303,853,813,884,815,1169,470,951,683,937,960,920,1174,913,623,1497,1054,1471
"2004",2013,1423,238,881,584,811,733,800,1105,849,666,963,655,1280,344,984,539,1001,810,990,1002,968,501,1577,853,1575
"167_2",1564,1047,212,691,500,673,585,674,857,711,537,740,530,951,295,743,444,762,628,768,773,754,378,1146,690,1158
"294_1",2197,1770,394,1046,812,962,980,955,1409,1026,894,1067,892,1378,522,1096,741,1101,1059,1098,1277,1085,684,1670,1138,1663
"182_3",1521,1103,223,656,492,655,638,658,887,668,561,739,553,949,305,743,459,763,657,767,809,751,407,1150,706,1152
"269_1",1726,1179,209,870,534,858,674,850,998,845,611,914,622,1140,306,928,485,939,723,933,900,913,474,1368,777,1356
"206_1",1350,1099,278,644,555,601,706,606,947,658,629,694,639,856,373,714,515,719,728,724,863,722,486,1054,750,1055
"122_1",1428,1180,236,699,534,653,647,655,954,718,586,724,573,877,323,743,479,753,698,761,854,764,434,1098,723,1104
"234_3",1132,880,173,517,360,512,471,514,671,497,421,569,427,751,230,572,343,581,504,572,616,551,325,878,558,859
"2078",2141,1721,373,1067,848,995,1065,990,1470,1030,970,1141,1003,1433,541,1172,802,1181,1091,1173,1330,1142,795,1742,1186,1712
"141_1",1936,1453,330,914,693,855,851,855,1186,904,778,939,788,1196,482,953,648,961,889,957,1054,944,568,1363,982,1352
"257_3",1470,1102,190,683,464,653,592,658,868,683,521,729,515,934,270,745,419,753,637,755,784,749,391,1134,671,1134
"173_3",1559,1005,181,717,440,718,610,707,844,709,523,789,523,978,255,819,416,826,618,819,770,806,354,1185,653,1192
"265_1",1381,1046,167,661,426,632,539,629,815,648,478,732,473,908,251,750,390,760,582,757,722,745,365,1112,621,1111
"238_3",1002,751,159,429,340,408,451,396,629,408,400,464,405,596,220,491,330,492,464,486,572,477,289,763,515,763
"220_2",1113,834,175,461,379,470,467,466,668,478,418,522,411,686,239,517,340,531,496,538,598,534,292,820,526,838
"276_4",1756,1499,277,865,672,840,837,837,1231,865,755,938,755,1147,429,948,618,966,895,965,1081,946,579,1381,954,1377
"152_4",2030,1633,237,973,653,854,870,828,1313,908,763,977,767,1164,391,1073,613,1047,944,1024,1167,1025,601,1561,998,1529
"2076",2091,1603,270,1016,704,948,897,941,1303,976,806,1069,822,1329,431,1107,661,1108,940,1097,1162,1073,631,1614,1027,1600
"261_11",1755,1358,269,835,606,800,741,793,1075,808,671,853,666,1090,373,882,550,885,796,870,974,854,498,1355,851,1344
"220_5",1213,850,151,582,373,568,484,558,707,569,433,630,441,815,227,643,335,647,527,642,634,633,329,969,550,963
"219_3",1124,872,161,476,374,484,483,490,689,497,430,541,435,702,234,557,344,562,511,564,619,562,318,863,535,856
"160_1",1294,997,176,534,422,458,538,456,800,538,484,551,480,701,256,615,391,606,574,605,714,614,331,954,607,963
"152_3",2454,1899,341,1045,817,1013,1034,1013,1510,1076,929,1137,933,1470,488,1197,741,1203,1104,1210,1358,1207,653,1865,1201,1866
"244_1",1601,1169,212,866,510,880,658,882,945,870,588,952,597,1141,297,937,465,962,700,964,861,944,439,1344,734,1338
"2071",2169,1621,156,1087,603,1024,804,1024,1309,1083,705,1186,695,1513,286,1195,549,1226,894,1225,1162,1194,481,1747,981,1749
"173_4",1108,863,172,475,402,455,499,452,717,455,447,508,444,645,242,541,363,539,536,536,655,531,329,830,578,823
"125_2",1503,1225,237,566,570,481,697,470,1014,549,632,582,626,799,340,648,504,640,768,630,923,632,470,1091,816,1082
"201_2",1346,1012,202,636,435,560,522,551,788,603,490,614,496,814,271,655,407,650,575,640,710,630,375,1002,639,986
"2060",2161,1750,469,1009,1017,955,1204,943,1608,956,1134,1123,1200,1357,647,1170,937,1188,1235,1177,1496,1134,931,1747,1350,1734
"195_3",1547,1059,204,720,475,710,624,723,881,720,544,796,544,994,299,805,441,815,639,813,779,802,408,1219,671,1220
"283_1",1896,1342,171,990,518,977,716,985,1071,1017,612,1090,599,1367,286,1082,482,1105,748,1115,945,1101,434,1571,749,1590
"168_3",1599,1194,250,727,551,686,708,687,1002,734,630,786,630,1036,343,805,508,820,748,824,911,811,484,1276,773,1282
"228_7",1704,1160,165,793,481,788,640,788,973,793,561,888,561,1101,271,907,449,921,682,917,859,900,394,1335,766,1316
"223_3",1329,908,160,568,418,560,513,570,751,612,459,642,450,818,228,651,364,663,548,672,679,673,301,1032,581,1041
"135_1",1565,1320,312,782,600,782,772,781,1045,760,692,878,703,1080,408,884,573,904,792,899,954,871,556,1256,821,1249
"149_4",1669,1349,234,855,566,828,698,797,1045,837,634,885,631,1094,336,904,508,919,771,924,947,908,443,1298,839,1314
"170_2",1612,1132,248,678,548,645,681,656,948,734,610,740,603,982,352,750,490,754,704,767,845,782,425,1163,716,1181
"156_8",1456,1195,206,665,474,644,656,650,904,683,563,727,566,909,298,740,442,755,672,760,813,751,392,1116,693,1123
"230_1",1316,925,146,635,419,600,512,597,782,647,469,663,469,810,241,672,376,680,552,684,685,680,301,968,629,975
"126_3",1924,1362,279,765,597,720,773,719,1078,783,677,838,664,1094,382,871,550,875,792,879,963,878,484,1432,844,1422
"202_3",950,637,98,399,278,380,352,382,530,405,316,429,317,537,152,441,247,449,379,451,474,445,224,692,402,691
"114_1",2501,1792,367,1141,874,1038,1124,1031,1531,1168,995,1193,1005,1543,515,1213,788,1233,1144,1247,1401,1246,704,1886,1218,1901
"186_1",1010,793,170,467,373,446,457,446,652,482,417,499,423,612,229,509,332,516,485,520,591,518,306,742,509,744
"149_3",2083,1574,291,953,701,852,845,855,1257,941,773,965,785,1270,410,1007,621,1011,933,1006,1141,999,595,1590,993,1575
"2051_1",1889,1338,198,1025,512,1022,710,1016,1055,1023,603,1115,595,1331,304,1109,486,1138,752,1135,935,1113,423,1528,807,1528
"2067",2241,1612,330,1032,776,1001,996,975,1401,1030,905,1150,925,1406,457,1170,724,1196,1039,1203,1295,1184,659,1784,1117,1795
"195_4",1201,893,172,556,391,535,521,538,736,545,462,608,468,769,259,613,381,626,535,623,654,606,356,941,576,940
"168_4",1291,1018,225,618,470,601,581,597,811,600,528,665,539,853,303,694,430,694,617,689,744,683,408,1006,670,994
"107_4",1191,994,177,556,401,504,489,502,733,540,447,573,446,728,248,615,364,609,543,602,659,600,342,922,593,915
"2015",1848,1341,235,917,584,860,784,852,1123,897,688,1010,691,1252,339,1028,549,1050,822,1041,1026,1015,525,1537,861,1526
"156_6",1738,1245,231,907,540,876,692,870,993,859,627,948,659,1205,344,955,507,964,736,949,899,917,470,1322,830,1309
"2069",2293,1761,352,1200,813,1065,1021,1054,1472,1141,940,1246,976,1524,491,1313,788,1317,1081,1304,1366,1271,762,1897,1214,1870
"118_1",2365,1854,357,1198,823,1156,1008,1158,1478,1236,907,1301,892,1583,487,1329,738,1351,1075,1363,1330,1357,669,1916,1111,1940
"261_3",2298,1871,418,1032,898,999,1055,1011,1497,1064,978,1085,981,1375,573,1100,808,1111,1119,1120,1349,1119,734,1730,1182,1736
"177_1",1267,950,219,648,456,624,561,616,774,633,507,690,502,881,305,696,421,704,580,698,695,678,396,1029,595,1030
"258_5",1588,1295,230,682,544,637,703,636,1028,684,621,758,612,986,338,783,512,794,746,796,923,785,465,1173,795,1182
"145_3",2681,2165,608,1266,1018,1206,1254,1198,1686,1261,1127,1340,1120,1697,716,1365,969,1386,1305,1389,1557,1365,844,1990,1437,1997
"261_4",1889,1360,272,866,625,834,758,848,1111,904,695,912,683,1164,388,925,564,929,823,937,999,943,457,1396,883,1409
"228_9",1168,1005,253,555,511,529,608,529,843,572,564,593,575,685,335,604,464,617,646,621,770,617,452,891,671,896
"258_2",2222,1645,248,1087,713,975,915,959,1384,1075,825,1107,842,1410,422,1140,648,1147,995,1140,1217,1126,604,1762,1041,1753
"156_1",1580,1333,286,698,579,647,710,648,1017,704,638,757,635,980,378,788,532,796,762,797,922,791,489,1224,797,1227
"2012",1736,1188,205,914,515,887,693,881,981,902,605,974,607,1203,301,988,478,1000,726,999,893,985,454,1422,763,1406
"272_1",2041,1666,250,1133,662,1060,802,1038,1255,1072,742,1157,749,1349,388,1178,612,1193,893,1171,1118,1131,597,1671,932,1656
"164_3",1600,1075,252,822,531,827,661,822,932,815,594,884,590,1102,335,888,483,903,707,900,852,883,436,1286,756,1277
"139_1",1269,890,149,623,365,615,480,608,697,610,424,655,423,806,219,661,338,672,509,671,630,656,320,980,537,979
"214_3",1012,710,110,488,289,454,417,448,591,471,357,511,361,613,163,542,277,541,435,538,546,538,254,789,467,788
"226_1",1323,997,177,633,449,587,547,588,828,623,502,672,499,809,261,699,402,708,597,706,737,699,380,1037,618,1041
"130_3",2170,1786,378,896,802,825,1036,824,1434,901,923,1000,934,1344,522,1023,742,1037,1074,1040,1296,1029,719,1673,1126,1669
"2103",2362,1742,315,1048,756,979,959,981,1393,1050,856,1156,857,1498,447,1180,688,1213,1021,1211,1261,1178,631,1821,1047,1820
"249_1",1217,951,177,595,391,566,521,554,748,569,464,643,471,802,257,663,383,668,551,662,675,649,364,961,596,953
"190_1",1370,1021,147,726,391,729,523,720,790,696,463,771,468,943,233,772,375,786,562,778,704,756,351,1064,617,1061
"286_3",3318,3232,675,1160,1554,1111,1905,1102,2719,1198,1719,1278,1704,1760,942,1322,1385,1355,2023,1376,2465,1348,1175,2337,2205,2325
"183_4",1162,885,198,615,391,603,494,600,690,593,445,657,456,813,268,655,378,666,517,660,624,640,344,912,582,900
"147_2",2066,1599,310,837,760,769,904,769,1341,860,829,881,816,1176,453,926,666,928,991,938,1203,944,571,1526,1055,1535
"2027",1862,1391,206,837,577,775,732,780,1127,870,654,922,627,1137,302,941,492,966,813,977,1009,968,473,1481,780,1501
"128_2",1666,1262,253,711,566,640,695,636,1010,693,635,739,640,976,348,788,518,789,746,788,915,777,448,1215,831,1214
"268_1",1278,1030,180,646,422,605,551,603,796,642,492,686,493,838,256,712,384,714,591,716,720,711,379,1026,605,1023
"183_3",1085,772,140,487,326,447,428,441,618,471,382,508,388,644,201,537,310,537,452,531,562,524,280,819,503,817
"147_5",2647,2073,443,1390,1042,1303,1193,1289,1769,1342,1125,1453,1147,1772,630,1469,919,1488,1314,1471,1594,1428,926,2165,1383,2138
"2020",1662,1287,223,807,559,750,692,741,1043,779,626,838,628,1050,328,876,516,886,751,881,938,863,480,1299,816,1290
"235_3",1160,873,153,547,387,516,498,503,715,533,447,576,461,716,230,606,348,607,532,606,646,601,327,902,579,902
"123_1",2046,1707,332,887,754,812,968,803,1390,853,865,958,865,1232,470,1001,695,992,1039,981,1260,977,662,1587,1102,1573
"207_1",1129,946,165,593,400,566,503,560,741,566,453,621,458,744,243,658,362,650,547,645,667,644,362,918,561,914
"111_3",2146,1645,312,956,745,879,945,869,1340,921,857,1000,877,1284,457,1059,695,1067,997,1052,1218,1024,629,1608,1126,1561
"214_4",1140,984,163,531,414,514,507,519,764,551,454,582,447,690,244,586,369,598,549,603,675,599,325,885,559,885
"2104",1861,1490,331,788,701,758,847,759,1198,812,775,899,777,1175,435,909,619,933,915,942,1093,930,597,1437,920,1444
"242_2",1508,1182,247,661,553,572,661,573,963,649,604,650,595,842,339,699,497,699,717,696,870,694,442,1112,761,1107
"221_2",1360,996,168,643,394,612,534,606,782,626,466,689,465,900,253,686,377,699,566,701,689,688,362,1078,593,1085
"197_2",1073,736,148,475,349,413,422,404,608,455,392,462,401,595,215,487,318,486,451,480,550,473,300,763,490,758
"153_4",1741,1391,259,822,621,782,747,790,1099,826,686,867,688,1063,367,871,552,890,810,895,992,883,496,1338,872,1331
"264_1",1982,1522,235,949,654,828,849,833,1242,939,760,963,776,1241,380,1018,597,1018,912,1014,1120,1013,530,1542,1023,1510
"172_3",1375,1092,275,585,498,577,666,577,883,605,582,661,578,816,351,674,479,686,677,690,803,686,438,1036,715,1037
"2083",2118,1547,180,958,628,901,838,894,1289,945,730,1072,733,1378,307,1088,568,1113,906,1115,1160,1087,507,1675,960,1687
"256_3",1394,1061,209,648,475,645,602,652,858,676,533,708,532,912,279,698,428,723,642,732,790,722,361,1046,684,1059
"140_1",1440,1238,230,655,536,593,679,595,1001,657,611,698,611,839,336,734,496,742,736,743,899,739,458,1079,776,1082
"2052",1935,1502,264,894,610,854,818,843,1172,869,712,979,702,1250,375,1005,573,1022,866,1019,1066,992,566,1514,901,1503
"239_3",1009,771,158,533,330,472,410,466,586,497,374,519,383,641,213,549,310,548,442,538,539,527,300,799,495,780
"2084",1923,1606,335,871,798,722,986,714,1384,843,914,905,942,1117,482,960,742,970,1030,965,1270,949,650,1454,1185,1427
"2055",2058,1537,183,921,595,803,776,787,1209,896,680,957,678,1186,305,1016,529,1014,851,1004,1076,996,478,1581,927,1578
"200_2",1028,703,124,439,306,405,381,402,557,441,343,455,348,599,179,476,274,476,416,476,506,478,242,738,460,737
"218_3",1204,928,218,526,433,509,541,510,748,513,484,588,482,754,293,600,402,615,569,611,679,592,365,922,592,926
"2029",1877,1380,246,1026,587,1005,749,990,1091,1010,666,1093,664,1335,366,1092,549,1115,793,1109,978,1081,530,1542,831,1540
"245_1",1994,1409,200,923,593,874,775,869,1158,930,685,1016,689,1326,315,1028,536,1053,824,1050,1039,1024,506,1600,857,1590
"153_3",2412,1795,338,1116,748,1057,1019,1068,1420,1137,882,1206,888,1499,489,1243,725,1256,1029,1272,1270,1267,632,1835,1132,1833
"230_2",1082,774,147,516,352,472,431,475,632,544,389,522,388,671,207,534,315,542,462,550,571,555,269,817,490,822
"2018",1885,1323,142,831,540,736,685,739,1095,790,610,898,610,1184,257,947,461,955,767,940,970,927,427,1475,852,1456
"2051_2",1932,1449,243,871,626,781,839,778,1218,870,730,920,732,1094,367,971,586,977,880,980,1099,979,527,1499,914,1496
"266_4",1358,1067,150,690,407,679,537,678,812,678,475,759,474,904,235,767,383,785,575,779,726,756,355,1099,621,1092
"2064",2469,1698,299,1201,767,1109,1019,1093,1483,1155,895,1299,907,1640,466,1337,718,1352,1076,1345,1325,1310,666,1987,1135,1991
"275_1",3237,2521,480,1560,1155,1425,1532,1429,2155,1555,1353,1683,1369,2103,732,1761,1079,1759,1593,1763,1931,1764,1022,2597,1670,2568
"288_1",3627,2795,555,1710,1241,1693,1578,1714,2242,1733,1411,1940,1425,2486,799,1941,1155,1972,1652,1970,1997,1938,1121,2931,1771,2897
"163_3",1430,1053,134,590,394,544,589,539,866,586,497,653,497,840,219,691,383,688,621,686,785,687,360,1080,671,1071
"247_3",2455,1794,312,1163,752,1159,968,1167,1432,1182,860,1259,850,1597,445,1262,690,1282,1054,1284,1300,1268,603,1953,1157,1930
"151_1",2742,2028,408,1276,900,1190,1093,1192,1594,1269,1000,1351,1013,1725,536,1374,814,1400,1183,1399,1457,1365,761,2151,1261,2142
"228_3",1124,917,198,474,413,440,550,440,755,481,481,519,472,653,268,550,392,553,563,555,682,553,345,835,595,840
"135_5",1365,1146,252,648,512,606,670,605,924,642,591,666,588,821,337,687,476,690,700,690,837,687,454,1028,735,1035
"2063",2082,1586,282,917,731,831,941,821,1380,900,843,989,852,1249,420,1033,656,1041,1018,1038,1248,1022,670,1617,1031,1617
"163_4",1190,959,162,523,432,476,508,472,760,540,463,550,452,673,249,592,369,580,550,583,674,601,325,880,577,878
"228_4",1410,1099,189,676,472,679,612,672,886,664,545,748,545,920,284,750,442,766,643,763,797,739,402,1117,689,1101
"261_9",1728,1186,182,865,499,880,654,870,961,862,570,946,559,1207,282,938,454,958,693,965,859,953,383,1376,753,1389
"211_2",1150,891,139,479,341,459,484,462,699,488,413,536,409,720,197,546,327,557,502,559,632,553,291,902,530,908
"254_1",2027,1550,317,846,691,743,895,736,1244,818,794,879,812,1193,447,950,644,937,935,931,1129,933,615,1514,1025,1504
"266_3",1532,1111,204,729,472,728,635,730,889,702,566,795,582,992,292,804,449,816,672,811,824,787,425,1191,728,1181
"170_1",2253,1750,238,969,728,831,940,828,1421,928,828,980,821,1256,390,1100,647,1081,1020,1067,1279,1076,540,1632,1140,1631
"205_3",1196,910,178,529,415,527,550,524,768,533,486,596,493,752,250,612,388,622,570,622,704,611,354,959,618,939
"113_1",2186,1468,273,785,655,722,825,729,1226,799,742,842,734,1110,415,867,602,872,892,876,1082,875,547,1466,945,1468
"237_1",972,693,128,480,307,486,390,484,570,488,352,526,353,657,189,513,284,531,418,531,512,518,232,726,469,727
"258_1",1792,1444,319,909,684,877,889,874,1230,917,790,986,790,1231,448,991,640,1010,921,1010,1106,990,605,1433,963,1422
"261_7",2123,1659,296,1004,782,1016,946,1022,1398,1034,877,1077,882,1283,452,1090,694,1107,1024,1116,1256,1114,633,1614,1084,1623
"181_1",1069,862,161,481,376,465,479,460,694,488,429,516,424,654,235,538,345,541,511,543,619,545,310,810,532,820
"2011",1762,1222,173,969,519,962,685,963,1008,971,598,1051,597,1274,280,1039,461,1062,720,1065,900,1043,440,1472,741,1466
"192_4",1668,1103,204,595,477,539,613,542,898,614,544,615,538,791,291,641,428,641,662,646,808,652,365,1033,715,1041
"156_5",1617,1319,345,786,601,760,736,757,984,771,673,840,680,1053,430,848,576,862,763,858,908,838,533,1261,825,1253
"2016",1952,1381,207,1040,566,980,739,971,1124,1001,656,1140,653,1389,311,1148,525,1179,806,1166,1021,1127,500,1668,862,1652
"279_1",2504,2132,340,1168,884,1046,1187,1034,1736,1129,1035,1227,1025,1542,535,1322,817,1303,1265,1290,1552,1297,781,2023,1309,2016
"192_3",1152,902,154,466,371,456,488,465,720,489,433,541,429,718,220,544,350,560,520,566,650,557,316,873,548,875
"284_1",1699,1308,214,840,557,820,689,824,1029,847,622,902,624,1105,336,917,505,926,744,928,913,922,464,1324,787,1324
"224_3",1241,946,187,556,414,542,549,541,774,564,484,612,485,763,260,624,385,633,574,638,700,631,345,942,614,951
"132_1",2171,1620,326,1000,718,912,933,914,1324,1024,827,1069,828,1393,479,1084,677,1098,980,1108,1175,1103,638,1684,1023,1685
"216_1",1065,803,116,516,323,492,425,496,647,520,372,561,368,688,175,591,290,588,464,589,582,593,262,842,475,848
"139_5",1384,986,172,661,396,650,562,645,786,661,480,730,477,898,255,740,387,749,576,755,702,748,364,1091,598,1087
"205_4",1236,984,174,552,418,512,550,508,803,548,482,591,475,696,256,617,401,628,572,628,719,617,348,933,613,932
"118_2",2096,1518,244,936,653,922,860,919,1258,940,762,1025,780,1310,348,1042,588,1061,918,1057,1151,1035,538,1647,1011,1627
"147_6",2440,1601,320,986,734,889,873,904,1286,993,796,1002,794,1375,452,1036,628,1031,968,1033,1150,1034,588,1637,1001,1635
"123_2",2281,1764,354,935,839,888,988,894,1432,990,911,1001,904,1313,496,1029,745,1059,1046,1075,1289,1069,639,1703,1095,1704
"207_2",1244,1019,163,608,396,558,563,543,818,558,483,614,488,780,245,650,382,642,601,629,737,618,385,961,644,938
"109_1",1355,1170,262,620,539,565,668,550,947,586,610,621,618,748,363,676,506,659,723,647,860,652,488,997,759,991
"270_3",1530,1083,173,688,473,669,578,679,881,718,533,766,547,975,265,785,421,806,634,811,789,799,362,1202,694,1199
"2107",2053,1605,293,1103,685,1056,826,1058,1252,1098,756,1173,757,1419,409,1188,641,1208,901,1206,1132,1184,585,1679,964,1671
"242_1",2060,1397,208,1047,612,1035,817,1036,1197,1049,716,1136,719,1363,347,1157,548,1162,862,1160,1060,1155,483,1618,933,1627
"154_3",1835,1517,316,815,650,849,846,859,1181,865,743,926,740,1108,420,937,606,958,881,969,1067,959,523,1369,937,1384
"2089",1585,1149,185,765,476,753,638,748,949,768,558,881,552,1101,268,877,454,907,668,904,858,875,398,1305,715,1309
"2058",2325,1655,251,1062,706,995,984,979,1418,1032,834,1129,830,1437,405,1167,652,1187,1019,1181,1260,1159,619,1827,1028,1826
"226_2",873,645,128,423,289,386,362,377,524,405,329,422,336,572,182,440,268,439,390,434,475,426,255,673,430,667
"2100",2012,1536,258,1030,672,924,881,929,1296,1026,783,1077,797,1278,390,1123,643,1138,915,1137,1168,1120,551,1569,1036,1554
"190_2",1436,1062,194,685,455,631,585,631,847,690,526,695,536,876,279,721,427,721,616,720,759,722,391,1082,661,1079
"251_3",2609,1978,348,1166,888,1098,1114,1090,1642,1186,1001,1250,1007,1588,489,1314,790,1326,1201,1327,1499,1322,720,2067,1262,2081
"147_1",2144,1766,395,897,837,795,1053,812,1450,943,941,987,939,1249,538,1012,777,1032,1076,1047,1312,1048,690,1640,1111,1641
"263_1",2308,1667,289,1041,724,969,931,978,1361,1062,821,1111,811,1403,419,1146,656,1165,991,1174,1227,1169,601,1800,1014,1825
"188_3",1181,865,145,522,340,510,493,504,705,508,424,579,428,770,218,589,338,595,514,588,635,574,324,919,541,913
"175_3",1237,955,154,538,385,527,549,529,776,540,470,593,474,719,236,616,367,625,565,625,695,620,323,934,599,945
"2024",1868,1382,194,832,626,814,804,814,1184,880,715,971,709,1249,323,972,545,1006,846,1015,1060,1002,507,1516,871,1519
"2087",2256,1816,272,1086,687,1012,907,1013,1390,1086,791,1165,782,1450,405,1198,643,1217,978,1213,1223,1199,592,1789,1050,1774
"184_3",1271,966,169,563,414,529,540,530,769,543,481,612,494,808,242,629,385,642,565,639,701,621,351,987,604,989
"179_3",1332,949,145,606,365,569,473,557,713,586,422,624,428,781,225,649,342,646,521,637,639,631,326,976,569,962
"2056",2041,1584,247,938,643,914,847,916,1246,951,749,1056,741,1344,358,1050,598,1095,895,1101,1130,1065,538,1661,932,1657
"200_1",1665,1282,245,746,582,727,754,732,1068,774,667,841,664,1049,348,866,523,879,793,887,964,886,509,1332,813,1335
"232_3",1046,694,105,516,280,494,378,486,556,503,333,541,341,678,154,564,259,564,405,557,509,550,244,838,440,829
"124_1",2228,1682,334,1070,733,1032,902,1045,1320,1123,814,1169,800,1472,435,1183,667,1204,972,1219,1206,1218,605,1765,991,1774
"245_2",1913,1386,203,816,611,762,793,763,1185,839,692,866,684,1170,336,880,538,892,851,901,1051,902,480,1449,891,1442
"281_4",2975,2556,491,1495,1184,1334,1454,1325,2126,1498,1334,1540,1337,1875,736,1623,1086,1613,1554,1617,1893,1622,1029,2355,1620,2358
"158_4",1474,1156,277,726,564,712,679,719,934,750,614,801,601,989,365,785,514,809,704,816,845,805,469,1151,703,1165
"221_1",1599,1201,240,840,545,825,689,822,983,837,619,907,621,1087,345,921,507,933,723,931,880,920,473,1302,757,1301
"137_3",1401,1208,303,626,541,583,683,573,914,592,614,665,615,829,389,690,524,695,708,688,841,672,485,1060,752,1060
"213_3",1182,821,138,546,363,498,467,503,676,534,426,565,449,726,202,598,329,596,504,590,623,585,311,934,566,912
"197_1",849,641,167,424,325,419,389,418,523,429,357,458,360,563,210,455,292,467,407,468,485,458,271,661,422,657
"158_3",3641,2532,361,1572,1124,1481,1499,1490,2188,1618,1313,1645,1319,2300,584,1710,991,1725,1581,1739,1983,1737,896,2783,1669,2782
"2080",1824,1540,321,815,676,743,882,736,1224,805,786,879,793,1116,438,903,646,916,910,913,1110,894,623,1435,952,1429
"264_2",2055,1433,257,944,670,875,796,884,1173,953,728,963,740,1253,372,985,583,995,866,1002,1071,995,511,1599,951,1598
"140_2",1452,1015,203,608,486,534,587,540,845,620,535,614,533,758,286,642,434,646,625,649,766,646,390,1004,670,1006
"2109",2110,1594,250,1048,665,1015,854,1027,1267,1065,753,1140,743,1417,383,1137,608,1167,898,1171,1124,1145,542,1674,947,1674
"150_1",2182,1762,399,1071,811,1064,974,1059,1392,1064,891,1167,889,1431,550,1171,748,1186,1043,1185,1245,1171,723,1699,1069,1694
"246_3",2033,1576,336,893,757,771,910,773,1288,908,834,897,847,1156,468,950,672,951,966,960,1161,974,587,1522,1055,1497
"162_3",1684,1200,183,704,524,711,697,722,1018,719,613,835,625,1093,293,846,482,871,727,874,916,854,408,1288,802,1303
"289_1",2495,1955,296,1204,825,1127,1031,1119,1585,1134,933,1273,938,1595,457,1336,732,1340,1155,1323,1432,1296,688,1986,1233,1972
"274_1",2520,2096,431,1195,973,1180,1190,1202,1727,1238,1073,1305,1064,1637,606,1302,862,1324,1279,1338,1534,1342,824,1997,1249,2013
"229_3",1035,829,168,461,356,426,471,419,655,441,418,492,423,667,233,505,339,509,491,504,596,493,309,791,545,786
"115_2",803,587,108,359,263,327,343,326,499,349,304,366,310,461,165,383,246,380,360,377,442,374,220,569,401,560
"231_2",783,708,156,326,318,281,382,279,554,304,349,330,351,451,202,357,291,353,417,347,506,344,264,580,455,572
"2040",2213,1617,274,1108,684,1022,890,1014,1315,1097,787,1168,792,1407,400,1194,649,1215,939,1211,1186,1187,604,1756,1012,1758
"2091",2372,1877,445,1177,952,1111,1142,1107,1577,1151,1044,1267,1059,1539,595,1283,861,1300,1195,1291,1445,1258,849,1925,1243,1894
"187_2",1647,1202,228,671,516,604,681,614,978,705,601,705,602,911,321,721,482,728,713,741,875,749,446,1178,746,1176
"208_3",998,749,164,425,334,426,441,434,612,452,389,479,386,611,219,477,320,494,461,502,561,498,278,743,479,763
"171_1",1392,1102,215,581,476,529,630,528,886,581,560,617,569,774,308,653,454,649,658,648,801,650,434,1007,697,1010
"2047",1914,1623,392,844,797,781,972,785,1339,838,886,911,887,1158,514,928,732,950,1019,952,1227,928,683,1459,1074,1448
"267_3",1370,1047,209,717,442,689,564,685,800,709,507,747,513,931,280,774,411,778,602,771,732,762,392,1097,641,1078
"143_3",2077,1550,245,881,610,810,876,808,1267,885,741,937,732,1188,362,986,586,993,912,988,1138,982,519,1519,975,1522
"255_1",1126,926,179,541,429,520,533,515,770,525,487,556,497,679,264,575,392,576,570,576,694,572,347,844,617,855
"246_4",2319,1754,288,1047,745,1002,955,1006,1424,1087,858,1174,860,1470,443,1185,681,1206,1029,1218,1273,1209,605,1819,1087,1826
"193_4",1092,830,160,555,403,527,487,534,705,586,435,581,430,706,227,598,339,598,514,608,623,617,311,837,521,845
"2111",1936,1552,231,836,648,765,845,770,1243,812,736,947,728,1248,344,966,594,998,887,992,1131,953,504,1551,953,1543
"157_2",1454,1052,223,604,496,575,629,584,875,655,558,666,561,877,305,667,448,683,645,695,788,701,403,1084,656,1108
"138_2",1655,1202,241,723,543,667,689,660,977,728,614,741,611,920,348,759,496,762,721,763,871,761,462,1188,746,1194
"2049",2151,1626,252,1069,629,973,849,963,1249,1047,728,1107,714,1343,381,1162,600,1165,888,1160,1111,1151,542,1730,931,1734
"2098",2070,1584,258,930,648,806,831,807,1264,905,735,965,731,1212,385,1016,604,1021,903,1017,1127,1008,581,1547,930,1547
"236_1",1087,812,161,522,338,513,445,515,622,509,393,555,395,691,224,562,315,567,472,562,560,552,266,791,551,778
"112_1",2290,1602,307,963,766,928,976,940,1390,1011,862,1052,851,1324,459,1071,684,1085,1018,1102,1242,1112,618,1688,1025,1714
"204_3",1592,1090,187,702,504,695,627,696,930,715,569,767,571,978,283,771,452,785,671,787,838,777,414,1240,708,1253
"180_1",1159,843,145,586,354,590,475,591,687,593,419,632,415,791,223,630,340,637,497,638,612,631,301,922,532,930
"2035",2147,1527,129,880,487,807,739,794,1187,890,622,995,598,1278,220,1032,470,1050,819,1050,1082,1037,360,1631,866,1666
"259_1",1722,1301,260,781,561,790,717,791,1031,785,638,887,629,1100,363,889,518,911,774,910,927,891,498,1325,785,1327
"204_4",1570,1087,156,690,476,654,593,640,902,657,547,719,568,961,277,746,427,752,650,743,799,724,397,1211,712,1214
"252_2",1691,1274,207,768,515,679,687,674,1016,768,607,777,605,1006,312,826,489,819,730,819,909,825,441,1275,795,1269
"2032",1974,1487,219,887,643,815,834,830,1225,918,739,984,739,1253,328,993,574,1031,886,1044,1131,1028,468,1537,973,1556
"176_2",1186,814,144,572,346,530,462,531,668,567,412,583,417,765,210,604,318,602,492,602,602,601,284,914,530,912
"285_1",2578,2009,445,1215,921,1189,1179,1195,1647,1216,1049,1334,1056,1697,598,1339,856,1364,1233,1364,1486,1343,842,2063,1252,2058
"193_3",1126,868,163,488,385,431,494,432,709,485,440,497,445,639,231,533,352,530,528,529,641,530,321,842,564,841
"278_1",1887,1626,371,906,796,830,969,832,1361,900,891,961,910,1143,509,1019,717,1013,1033,1007,1235,1006,715,1500,1063,1490
"101_3",995,802,131,467,333,436,414,433,622,451,378,481,388,640,191,502,297,505,457,501,563,490,265,751,510,739
"217_1",1075,745,124,541,313,485,428,478,623,508,378,566,386,699,191,595,299,596,462,586,567,574,288,849,496,843
"133_1",2026,1571,286,1003,611,973,861,961,1227,942,744,1089,763,1420,421,1102,617,1122,896,1108,1103,1065,571,1571,974,1580
"108_1",1589,1295,259,817,566,748,678,743,1001,794,631,861,635,1005,359,886,522,893,748,886,908,870,502,1255,786,1258
"155_3",1207,948,192,574,390,529,514,524,693,537,457,592,469,725,258,625,377,617,532,611,650,603,352,902,595,886
"243_1",1862,1448,278,881,638,840,797,842,1155,877,717,954,707,1238,414,979,586,983,856,982,1027,979,539,1487,898,1496
"191_5",1294,1106,221,629,478,580,610,577,865,623,545,682,546,854,316,705,458,710,633,709,774,700,447,1022,661,1019
"167_1",1876,1352,203,884,533,910,722,907,1053,895,624,994,616,1183,301,1011,492,1019,762,1019,955,1014,457,1478,807,1468
"271_3",1410,965,152,676,388,609,521,609,771,677,454,707,446,914,240,731,372,737,546,735,679,731,328,1102,584,1104
"2007",2029,1667,288,916,712,820,930,808,1351,884,839,993,843,1231,423,1044,646,1051,1017,1045,1235,1035,658,1629,1053,1620
"248_5",1659,1409,349,783,655,748,804,742,1126,749,731,850,733,1075,449,872,621,883,854,876,1027,852,615,1306,873,1306
"189_4",1300,1132,213,642,511,600,618,600,913,631,568,677,567,836,316,696,465,703,667,699,819,691,419,1043,711,1043
"250_4",2008,1464,293,1117,656,1044,845,1044,1204,1117,748,1166,753,1347,420,1189,616,1199,880,1199,1077,1187,588,1647,905,1646
"206_2",1229,999,182,491,424,440,559,442,804,495,495,514,495,693,263,539,395,537,592,539,722,543,359,917,634,918
"122_2",2002,1385,293,876,649,788,771,778,1107,884,711,900,699,1144,405,936,586,942,819,947,995,943,516,1455,888,1451
"174_3",1345,1019,189,603,438,558,563,554,827,595,508,636,512,807,269,664,410,665,614,661,756,654,366,1051,671,1035
"189_3",1369,1082,227,726,486,688,595,690,855,722,548,739,562,923,312,753,451,762,634,759,774,749,396,1082,700,1076
"262_1",2034,1569,240,1006,631,931,794,929,1200,998,714,1060,711,1269,373,1123,566,1114,876,1115,1074,1123,537,1603,932,1608
"146_1",2196,1578,301,1060,705,1033,889,1035,1288,1062,795,1165,799,1458,428,1176,648,1201,939,1198,1152,1179,600,1733,985,1725
"250_3",1431,1106,267,669,505,660,676,657,914,669,588,739,582,932,344,749,485,762,688,761,827,753,428,1103,714,1105
"129_1",1717,1259,274,867,601,847,762,852,1058,896,677,947,674,1139,372,935,550,962,782,972,955,961,502,1361,807,1375
"206_5",1092,846,142,557,341,551,450,553,666,565,396,615,392,763,205,608,321,627,479,632,598,619,301,887,493,897
"227_2",1057,759,148,505,326,492,434,490,611,502,384,546,392,690,211,543,303,552,456,554,550,546,278,807,487,813
"108_6",1668,1332,234,819,582,746,710,724,1079,761,654,845,650,1069,359,885,532,885,792,868,963,846,544,1349,831,1330
"155_4",1186,942,171,555,388,536,526,537,752,572,457,590,450,741,245,598,368,605,545,610,668,611,325,891,573,898
"191_2",1125,915,195,524,402,454,499,449,717,522,454,534,457,702,274,557,380,554,530,558,634,564,346,839,574,847
"271_4",1315,1022,232,700,452,660,568,652,798,682,516,749,527,936,301,776,428,779,611,772,737,758,431,1095,638,1094
"136_4",1889,1560,270,982,622,923,789,920,1181,975,706,1033,695,1209,395,1058,589,1066,852,1063,1054,1056,530,1479,891,1496
"160_2",1464,1107,223,525,470,508,603,518,860,562,537,578,527,776,282,604,434,611,640,625,792,633,367,1010,671,1027
"280_4",2208,1655,297,1129,743,1098,987,1097,1399,1105,864,1231,879,1555,467,1255,696,1265,1018,1255,1237,1234,650,1802,1091,1793
"2072",2141,1697,338,945,789,844,1014,822,1459,906,912,1005,921,1298,478,1065,747,1068,1065,1058,1335,1036,705,1661,1153,1658
"244_2",1793,1259,193,841,566,796,713,794,1065,836,636,877,629,1169,317,912,500,915,777,913,951,913,470,1412,824,1413
"178_3",1151,920,191,500,410,478,507,477,717,518,457,531,457,635,257,553,378,557,529,562,648,565,332,841,566,851
"185_3",1059,861,175,453,381,436,492,443,682,464,443,506,457,638,239,522,357,529,510,532,623,529,345,810,549,803
"125_1",2207,1698,382,950,811,910,981,910,1373,955,896,1084,895,1392,481,1111,716,1139,1053,1137,1278,1107,707,1766,1077,1751
"233_3",1248,823,143,567,349,569,467,571,687,584,412,638,405,825,197,635,319,652,503,658,628,647,283,980,533,984
"117_3",1988,1476,241,767,639,736,860,745,1230,790,750,875,749,1134,359,913,590,916,892,923,1120,925,522,1502,934,1508
"201_1",1414,1072,261,697,508,683,650,683,884,700,576,759,576,925,334,766,478,779,669,778,812,767,432,1120,705,1120
"141_2",2139,1681,309,873,698,798,891,792,1314,886,789,916,769,1227,432,954,656,959,951,961,1180,964,578,1575,1027,1588
"265_2",1710,1262,238,792,571,759,701,764,1025,794,636,841,633,1085,345,850,522,866,750,868,922,853,478,1320,795,1329
"117_4",2365,1770,295,1232,760,1221,908,1239,1384,1306,824,1342,794,1622,419,1349,665,1373,985,1397,1231,1405,544,1875,1038,1902
"2009",1729,1191,178,929,526,880,667,877,1000,912,593,989,595,1197,293,989,471,1009,709,1006,883,979,461,1412,721,1413
"212_3",926,722,111,422,282,402,367,393,555,400,327,437,331,545,174,457,267,459,398,453,493,443,233,694,448,688
"136_3",1504,1173,230,675,503,675,642,676,894,707,566,758,565,926,320,762,472,785,655,794,803,786,416,1128,696,1132
"220_1",987,826,183,439,384,435,478,436,667,454,432,495,433,619,248,502,348,508,505,511,602,509,316,752,524,756
"159_3",1483,1106,284,687,545,625,656,618,914,699,600,697,600,892,358,728,499,728,699,731,836,732,432,1074,751,1084
"160_5",1386,1093,188,609,479,523,563,518,848,586,531,602,552,828,284,651,423,646,632,638,765,631,400,1026,702,1009
"280_3",1739,1359,315,804,655,763,783,763,1111,797,725,838,729,1077,432,871,599,869,844,865,1007,864,560,1339,910,1320
"2075",2289,1616,298,1224,799,1197,1017,1189,1448,1219,908,1349,922,1684,447,1339,726,1384,1049,1379,1315,1326,663,1919,1115,1909
"196_1",1184,906,164,590,432,544,504,545,758,586,470,604,481,753,252,623,378,628,554,627,677,622,349,947,597,946
"245_4",2127,1437,187,1026,624,990,815,997,1270,1033,720,1127,710,1406,342,1127,571,1160,879,1161,1112,1130,522,1708,935,1719
"158_2",687,473,78,339,215,325,257,324,386,343,234,352,234,430,121,363,185,366,283,368,346,367,162,527,303,533
"2081",1971,1507,392,1096,758,1060,944,1058,1236,1065,853,1183,862,1455,508,1183,715,1209,953,1200,1140,1164,645,1589,1024,1560
"264_3",1811,1240,178,838,519,808,724,796,1062,776,615,907,622,1184,289,936,480,951,769,939,956,903,441,1446,832,1426
"172_1",1695,1309,274,833,664,873,796,885,1125,885,725,939,721,1146,387,917,582,956,834,972,1022,953,445,1302,960,1304
"256_1",1526,1111,219,716,491,714,640,710,907,712,567,785,567,1014,299,775,447,793,678,789,826,773,421,1144,718,1136
"140_3",1331,1071,245,597,497,527,617,530,852,604,564,604,572,764,332,645,466,639,645,640,772,651,430,1001,679,1003
"2050",2017,1485,264,1070,650,1031,824,1022,1217,1048,738,1140,740,1383,395,1153,605,1174,876,1166,1086,1137,574,1646,912,1651
"239_1",1009,859,174,466,384,423,454,423,659,462,419,469,423,596,240,490,347,490,489,489,594,491,311,754,511,754
"2108",1777,1292,211,922,528,890,675,894,1026,901,599,1014,592,1259,305,1023,490,1042,731,1039,922,1011,447,1475,776,1477
"2086",1963,1679,294,870,673,766,891,754,1309,855,783,914,772,1154,427,973,649,979,944,978,1170,970,526,1430,1053,1443
"179_2",1037,893,194,516,399,453,500,440,706,494,454,519,465,659,265,547,374,541,527,533,636,528,362,809,563,800
"184_2",1094,886,171,499,385,465,486,466,697,481,440,520,448,690,238,542,350,540,523,534,634,524,334,842,563,823
"140_4",1014,860,204,485,407,477,498,487,689,512,452,547,452,648,264,542,371,555,521,564,625,558,350,799,531,807
"2057",2012,1573,303,894,761,817,985,820,1370,912,876,956,889,1215,455,970,682,988,1023,999,1237,993,657,1526,1054,1523
"232_2",815,626,91,351,254,337,317,335,481,353,287,369,287,478,142,380,228,383,345,385,430,384,192,598,379,602
"218_1",956,758,152,427,364,425,425,421,632,421,396,473,399,606,223,480,321,489,464,489,562,479,293,734,490,740
"245_3",2201,1682,297,982,690,995,898,1003,1311,1021,789,1112,781,1477,430,1112,646,1136,954,1145,1174,1131,576,1760,1004,1769
"153_1",2851,1965,343,1221,865,1106,1113,1103,1645,1172,998,1231,1011,1536,544,1298,809,1280,1188,1266,1448,1262,756,1974,1306,1953
"277_1",2656,2161,334,1344,877,1271,1145,1266,1689,1308,1018,1439,1027,1778,521,1517,804,1501,1235,1495,1515,1504,775,2124,1322,2126
"158_5",3335,2377,306,1507,1053,1395,1380,1395,2091,1555,1231,1643,1242,2069,536,1686,935,1717,1497,1723,1881,1707,829,2605,1615,2593
"2088",2143,1602,203,972,631,926,849,928,1292,1009,743,1094,734,1373,331,1110,582,1145,895,1153,1147,1129,474,1684,992,1704
"214_1",1667,1282,262,786,526,742,677,745,966,784,599,841,590,1061,353,869,494,871,731,872,873,871,454,1263,786,1254
"2059",2115,1758,296,974,720,867,901,861,1372,971,810,1034,792,1301,423,1068,682,1089,972,1092,1238,1081,616,1693,1002,1704
"226_3",1250,985,197,601,419,578,536,577,761,600,481,636,485,796,269,645,396,658,562,660,687,648,357,973,610,977
"130_1",2643,1946,331,1214,892,1117,1178,1121,1689,1224,1037,1310,1045,1665,513,1364,795,1371,1240,1375,1516,1381,728,2090,1307,2089
"249_3",1194,955,212,550,434,526,507,520,728,538,471,579,476,734,280,601,394,603,549,602,663,598,358,919,606,913
"2101",2355,1814,367,1026,824,915,1025,907,1454,1004,935,1115,937,1406,499,1198,732,1198,1104,1190,1329,1181,739,1835,1105,1838
"190_3",1346,1071,201,671,476,661,576,665,852,664,526,716,526,922,278,719,429,739,634,739,782,720,401,1071,689,1060
"286_1",3091,2361,316,1390,1003,1326,1209,1306,1905,1385,1112,1453,1100,1740,539,1531,879,1523,1347,1525,1689,1536,751,2391,1424,2393
"251_2",2513,1892,328,1123,863,959,995,944,1534,1054,940,1104,947,1418,491,1162,757,1164,1133,1150,1396,1121,734,1875,1195,1871
"268_4",1269,1045,256,701,499,659,630,653,846,694,566,723,579,862,339,748,461,747,655,744,770,744,432,1011,698,1005
"2025",1897,1305,161,875,512,822,719,807,1058,847,620,946,628,1213,275,974,483,981,749,971,950,953,443,1504,812,1503
"147_7",2012,1461,279,841,630,790,863,797,1191,830,744,921,743,1243,394,941,579,955,888,948,1066,926,513,1506,940,1493
"268_3",1158,908,148,557,376,525,486,529,717,556,433,588,435,748,225,606,353,614,520,610,647,599,323,904,565,890
"183_1",1459,1149,239,730,533,677,677,670,950,724,607,756,611,937,337,778,497,787,703,789,856,780,429,1119,772,1124
"2022",1845,1298,170,916,476,914,668,909,1035,942,565,1021,542,1299,275,995,452,1031,715,1046,908,1025,423,1492,746,1508
"235_1",970,771,132,482,307,447,385,442,581,469,343,501,335,592,196,528,289,523,417,519,514,519,262,762,442,759
"123_3",2179,1565,289,910,687,865,832,877,1246,898,758,963,768,1338,392,996,617,1017,911,1009,1135,973,534,1603,1025,1579
"207_3",1179,797,110,570,353,508,452,500,682,532,405,576,414,745,195,612,318,609,488,598,606,585,301,909,552,891
"111_1",1970,1559,242,987,627,911,800,894,1234,961,724,1028,733,1201,371,1087,581,1086,888,1074,1109,1064,567,1560,933,1554
"214_6",1729,1417,282,849,634,826,780,832,1134,886,702,916,692,1107,390,926,563,933,847,944,1024,952,524,1363,851,1384
"102_4",2299,1654,336,1000,794,953,979,960,1391,1029,890,1081,900,1379,479,1101,720,1119,1023,1129,1255,1123,649,1768,1089,1780
"2106",2293,1828,445,1158,918,1130,1156,1124,1573,1102,1042,1278,1073,1557,606,1309,881,1327,1181,1310,1443,1264,853,1867,1277,1843
"190_4",1508,1107,163,728,478,681,655,683,957,714,568,777,574,989,275,805,442,816,689,808,848,793,434,1213,714,1199
"154_2",1429,1081,201,662,482,616,568,607,860,619,522,664,519,846,294,708,432,702,625,689,765,673,410,1051,662,1035
"156_4",1916,1544,254,841,648,733,856,740,1240,828,751,896,770,1161,386,956,603,951,903,947,1121,945,572,1503,963,1502
"2017",1792,1337,272,860,659,799,810,805,1147,850,738,924,740,1132,388,930,592,958,854,953,1035,925,567,1412,901,1403
"192_2",1707,1231,226,757,548,731,711,727,1012,770,634,820,637,1032,331,830,500,845,741,846,906,839,448,1291,802,1293
"139_4",1456,1028,196,644,477,611,589,620,863,664,530,678,531,859,284,686,428,697,630,703,772,701,388,1075,670,1077
"118_3",2169,1628,249,915,703,863,897,846,1358,863,801,985,800,1283,381,1052,626,1054,989,1035,1226,1015,597,1657,1050,1646
"261_1",2686,2338,507,1289,1095,1223,1306,1221,1895,1299,1212,1331,1217,1614,724,1367,1016,1368,1399,1373,1687,1382,971,2022,1455,2016
"177_3",1265,1032,214,568,445,528,580,525,800,566,514,606,519,770,294,626,431,633,588,633,723,623,405,946,628,945
"145_1",2735,2179,478,1274,1028,1207,1238,1215,1761,1317,1139,1373,1129,1714,653,1399,933,1414,1312,1420,1592,1417,803,2101,1405,2121
"205_2",1209,880,201,565,403,547,523,546,713,572,466,605,468,757,263,615,378,622,541,625,654,618,344,923,578,936
"261_6",1885,1525,302,835,680,799,831,804,1228,858,758,912,751,1120,410,943,615,963,902,966,1105,953,526,1431,967,1433
"2010",1823,1258,266,950,642,913,804,912,1081,926,724,1046,741,1258,386,1044,579,1067,821,1060,995,1027,575,1500,858,1482
"156_3",1498,1172,304,602,567,608,696,609,935,622,632,697,629,911,393,707,532,725,717,733,853,722,482,1124,757,1123
"272_3",2001,1397,289,876,621,862,803,879,1137,932,714,966,708,1220,395,948,589,983,838,999,1028,991,515,1534,870,1538
"199_1",1681,1342,267,767,608,706,763,689,1116,725,698,831,689,1062,376,895,560,889,836,872,1013,859,526,1371,904,1348
"164_1",1331,1058,194,537,481,456,607,466,877,587,543,575,540,742,277,612,433,624,635,632,789,636,360,993,671,1004
"139_3",1054,750,167,467,356,455,445,460,616,486,396,503,397,632,220,510,320,520,462,522,561,520,279,772,480,770
"2062",2298,1725,207,971,672,931,906,943,1381,1031,782,1123,761,1427,335,1129,588,1167,972,1190,1229,1179,528,1830,974,1853
"163_5",1082,901,137,446,372,397,478,397,714,442,423,474,422,616,201,496,336,503,511,501,644,493,295,797,547,794
"195_1",1135,888,167,529,385,514,496,514,713,516,442,571,442,720,248,583,364,590,518,586,638,571,338,894,545,888
"283_3",1959,1453,259,836,629,780,877,765,1230,830,754,903,765,1196,370,948,593,954,899,951,1119,946,534,1522,954,1511
"168_1",1494,1055,229,796,490,781,608,777,844,804,547,867,535,1061,312,886,449,895,633,897,764,892,398,1232,649,1240
"228_5",1435,958,143,684,401,694,558,705,835,723,483,775,473,984,233,754,377,776,588,787,732,781,338,1156,614,1165
"211_3",953,727,167,374,341,367,430,364,599,381,383,435,382,582,216,441,316,453,446,457,546,447,284,722,475,731
"261_8",2327,1771,314,1061,780,966,982,965,1451,1070,891,1090,899,1350,474,1137,715,1137,1058,1142,1299,1156,643,1768,1112,1765
"107_1",1386,1030,209,611,490,569,597,571,866,631,542,647,549,844,296,666,437,680,637,686,779,680,371,1038,690,1053
"223_1",1398,1032,218,735,485,715,577,708,865,708,532,802,536,1008,290,814,433,831,639,820,782,790,422,1162,688,1147
"135_3",1746,1350,275,817,594,811,777,820,1086,854,689,901,685,1131,381,914,541,924,823,939,983,947,495,1350,845,1369
"230_4",1233,923,163,607,407,592,509,593,762,621,461,658,463,806,249,658,375,670,550,676,679,672,341,995,565,1000
"209_2",1081,765,166,560,376,518,464,515,657,541,421,560,425,700,240,585,345,582,490,574,592,570,298,835,550,829
"2019",1659,1237,190,751,562,710,748,714,1078,773,651,840,644,1006,294,877,500,889,777,891,975,887,478,1331,821,1328
"230_3",876,674,128,416,280,418,359,414,518,415,321,455,323,572,174,456,265,465,381,465,473,456,240,694,407,697
"126_1",2288,1582,320,976,700,888,877,857,1284,984,778,1007,736,1318,436,1044,639,1048,943,1058,1146,1063,533,1638,969,1675
"202_1",1176,801,117,545,318,549,434,550,645,555,378,609,380,757,185,607,298,623,462,625,575,614,282,917,478,920
"186_3",1080,937,257,534,467,506,553,499,752,519,509,544,514,679,327,563,438,561,579,558,690,553,411,843,623,832
"290_1",2783,2051,344,1150,920,1024,1103,1011,1686,1144,1020,1146,1020,1424,539,1234,828,1227,1204,1225,1490,1235,719,1994,1299,1990
"149_1",2123,1500,308,1088,695,1085,847,1093,1207,1154,769,1194,755,1484,434,1167,623,1205,892,1225,1080,1212,541,1672,912,1693
"2065",2311,1507,211,1176,612,1054,829,1052,1241,1110,739,1246,761,1556,345,1308,574,1317,901,1305,1125,1271,565,1881,993,1862
"163_2",1224,896,155,461,413,433,527,432,776,461,476,518,480,704,232,537,371,544,567,543,700,537,339,903,609,905
"211_4",1168,845,142,602,358,594,441,596,658,608,402,652,400,790,221,660,323,663,479,665,581,665,322,928,481,935
"135_4",1807,1490,253,830,626,796,851,789,1213,818,737,889,736,1174,373,914,568,924,900,925,1089,913,501,1408,940,1418
"141_3",1983,1605,341,904,720,834,915,830,1276,869,834,964,855,1204,478,1013,682,1010,959,1002,1154,988,662,1533,1035,1521
"257_1",1560,1185,234,807,532,800,689,804,975,812,616,882,623,1092,334,878,492,894,726,896,882,883,491,1273,748,1271
"173_1",1288,941,179,536,413,549,545,566,777,588,472,638,460,797,245,626,382,654,560,672,698,665,304,959,595,975
"265_3",1744,1278,229,824,576,772,732,759,1056,784,660,880,672,1104,337,918,527,927,781,914,964,886,495,1376,846,1367
"2008",1938,1526,284,986,653,968,847,972,1213,998,742,1071,732,1329,398,1062,604,1093,884,1098,1087,1072,553,1567,913,1574
"238_1",1431,1098,241,680,507,652,654,642,921,649,584,747,580,947,329,765,481,777,689,765,837,743,421,1122,747,1118
"212_2",1026,780,167,448,361,422,456,426,638,460,407,480,401,624,232,485,337,494,469,500,573,497,285,768,495,781
"136_2",1392,1068,192,540,478,511,591,515,862,556,541,612,549,820,286,634,431,645,636,649,776,643,392,1009,673,1014
"159_2",1333,1054,231,667,493,618,573,621,820,664,533,673,538,865,306,682,435,688,621,689,746,682,396,1012,661,1019
"160_4",1749,1312,254,793,585,764,702,762,1018,783,654,853,680,1086,344,870,521,883,752,883,925,861,494,1326,805,1324
"2074",1946,1764,375,828,777,812,956,806,1354,798,871,953,886,1254,503,965,733,988,1012,980,1233,937,696,1536,1085,1512
"280_2",2376,1813,283,1146,764,1075,999,1064,1461,1127,889,1183,899,1573,451,1214,687,1225,1069,1216,1298,1197,625,1874,1149,1860
"244_4",1398,1050,176,690,447,670,575,671,843,692,516,748,524,939,256,767,402,774,621,776,764,770,373,1124,663,1111
"219_1",991,804,134,522,319,476,376,471,610,511,350,528,344,630,192,559,291,557,435,553,539,552,266,789,459,784
"160_3",1445,1097,175,671,437,622,551,628,825,696,489,696,480,893,254,717,396,725,588,733,731,736,327,1087,636,1094
"276_1",2488,1951,271,1342,756,1244,962,1221,1505,1298,862,1397,866,1755,436,1440,702,1465,1054,1446,1322,1405,680,2074,1155,2042
"2073",2167,1654,333,1032,780,956,983,950,1399,990,895,1135,924,1484,478,1162,744,1192,1025,1180,1281,1130,691,1769,1110,1752
"152_1",2417,1825,326,1115,863,1032,1027,1020,1510,1094,941,1169,946,1475,480,1246,741,1236,1110,1230,1365,1232,667,1881,1194,1868
"244_3",1704,1193,204,811,490,769,666,776,967,818,584,871,580,1125,299,874,474,898,690,898,867,878,421,1361,754,1358
"185_2",1131,895,193,460,392,417,472,419,689,462,429,476,420,604,254,506,357,503,514,502,620,503,310,794,554,795
"178_2",1658,1147,227,753,516,684,631,663,898,734,573,753,580,995,319,789,457,787,680,777,812,770,401,1196,747,1184
"233_2",1083,795,135,469,357,430,424,431,645,478,391,478,392,626,202,490,316,498,459,503,570,498,264,785,513,779
"117_2",2566,1783,249,1037,701,993,932,989,1416,1060,826,1119,815,1513,387,1164,646,1173,1012,1176,1266,1168,579,1847,1074,1859
"250_2",1709,1314,253,801,585,787,748,792,1057,828,662,876,661,1086,345,879,528,898,780,907,959,902,480,1359,805,1358
"206_4",1153,996,192,684,422,650,525,645,771,647,478,709,486,824,274,722,396,728,568,718,692,698,398,982,606,974
"227_3",1062,864,202,477,398,465,508,463,702,475,451,520,440,667,260,536,370,539,534,540,641,538,343,817,550,819
"108_7",1731,1225,175,760,533,699,661,700,1014,775,596,801,588,1005,295,834,473,841,721,846,898,849,417,1305,753,1317
"215_1",962,753,152,430,323,394,416,391,589,433,371,451,376,545,211,472,306,471,437,471,530,473,283,715,461,715
"287_1",3474,2538,441,1688,1168,1583,1437,1581,2106,1626,1304,1756,1328,2188,683,1842,1061,1853,1528,1835,1895,1796,981,2772,1719,2696
"191_3",1119,868,198,531,392,522,506,521,698,543,447,584,446,752,258,583,370,597,522,601,636,589,333,877,547,873
"271_5",1592,1123,190,814,472,763,609,771,897,843,536,873,525,1090,278,888,434,902,644,911,799,910,390,1288,657,1301
"155_2",1469,1065,211,664,458,588,570,580,824,645,510,645,507,808,292,688,417,674,618,666,740,673,384,1074,650,1053
"191_4",1146,907,156,518,360,459,491,446,715,491,435,551,441,702,232,590,356,590,520,580,643,566,348,895,557,887
"2006",1949,1456,271,897,672,814,843,812,1227,868,758,956,774,1219,394,983,631,1000,881,991,1114,955,594,1548,957,1533
"248_4",1489,1123,222,694,488,680,659,674,915,682,578,771,587,975,311,780,460,793,682,790,829,772,455,1196,693,1192
"294_3",2048,1537,311,1017,705,1029,864,1024,1226,1031,793,1118,804,1386,415,1123,626,1155,930,1155,1131,1131,567,1624,986,1639
"182_1",1728,1189,282,939,565,929,695,938,977,974,630,1029,628,1244,362,1046,525,1057,729,1064,892,1061,459,1450,757,1461
"269_3",1498,1094,186,588,471,533,621,533,907,596,547,601,544,785,263,651,428,651,656,650,823,653,369,1107,705,1117
"110_1",1774,1293,240,861,568,756,751,747,1075,789,671,900,695,1084,363,947,561,951,792,937,982,908,524,1384,882,1364
"206_3",1498,1135,208,669,493,629,692,624,971,683,593,734,591,957,303,748,480,764,701,768,877,758,420,1173,747,1175
"122_3",1636,1257,276,739,538,674,682,671,966,744,613,772,611,983,350,796,504,803,729,806,881,804,441,1240,779,1232
"234_1",1416,1124,193,584,468,591,612,600,906,609,537,649,523,804,284,654,423,666,665,674,806,675,379,988,699,997
"204_5",1363,1021,190,581,446,554,562,555,818,595,505,652,509,849,269,654,411,674,598,680,739,666,373,1075,648,1076
"144_1",2412,1807,333,1118,787,1047,1002,1049,1453,1130,890,1166,882,1420,486,1209,718,1207,1068,1207,1297,1213,684,1813,1069,1810
"252_3",1573,1144,252,789,513,784,668,784,913,801,595,863,598,1102,337,870,485,883,687,880,832,866,444,1274,742,1266
"2033",1894,1496,291,897,694,883,843,894,1244,945,767,1004,760,1260,411,993,624,1035,904,1045,1117,1022,585,1523,924,1537
"176_3",1296,1023,198,631,456,593,554,589,802,613,504,654,503,835,283,674,415,676,594,675,721,666,399,989,629,989
"260_1",4000,3053,507,1691,1371,1551,1741,1552,2534,1680,1548,1735,1534,2340,789,1783,1229,1809,1835,1811,2262,1793,1024,2883,2021,2861
"157_4",1135,911,195,578,399,560,500,563,719,578,455,627,458,742,265,637,377,646,535,645,651,631,355,911,551,913
"2117",1982,1377,205,949,584,824,744,823,1116,953,665,974,653,1157,322,1031,527,1034,795,1038,999,1038,453,1471,846,1477
"198_1",923,741,116,429,317,393,399,390,603,401,358,434,361,555,190,464,293,460,433,452,535,442,278,689,480,678
"273_3",1876,1530,335,857,680,848,878,858,1216,904,769,952,750,1197,436,958,640,979,904,991,1107,991,566,1482,921,1490
"193_5",1178,940,169,588,388,548,491,548,731,584,446,612,445,742,248,638,365,639,537,634,654,630,357,927,562,923
"2110",2009,1629,378,929,766,895,975,895,1318,936,878,1036,886,1322,503,1037,728,1067,991,1070,1201,1045,664,1587,1048,1587
"157_3",1376,1075,235,611,478,599,614,601,859,617,546,668,551,860,325,669,453,685,629,689,766,673,402,1041,670,1046
"241_1",1276,929,159,614,399,612,531,607,775,599,468,670,467,838,245,672,383,686,555,682,693,660,342,990,596,989
"138_3",1851,1340,232,907,558,802,708,802,1048,884,634,920,633,1151,344,984,512,968,764,961,934,967,481,1450,818,1441
"2048",1985,1547,219,895,621,854,818,855,1206,888,724,999,733,1284,344,1028,560,1042,868,1045,1084,1032,528,1607,916,1612
"101_5",2109,1551,327,919,721,882,892,888,1276,925,791,993,778,1320,440,1000,648,1025,945,1025,1156,1010,572,1528,995,1537
"2099",2517,1738,289,1323,823,1246,1075,1250,1546,1320,943,1457,948,1815,444,1469,737,1494,1112,1488,1394,1458,713,2088,1151,2084
"204_2",900,748,124,364,292,313,378,307,561,332,341,359,345,479,187,391,273,382,413,375,503,371,245,639,471,624
"2034",1713,1261,154,840,464,815,611,806,990,837,541,920,519,1130,261,933,435,947,682,947,864,934,406,1386,717,1382
"115_4",851,663,135,442,310,416,393,413,554,449,350,477,346,581,194,479,280,490,407,491,491,482,260,672,413,670
"208_2",1091,761,121,485,326,459,419,457,635,491,373,509,372,645,196,520,298,526,451,528,555,526,264,778,482,784
"2046",2028,1683,382,1005,830,894,1007,886,1392,978,923,1039,943,1296,508,1074,739,1081,1059,1073,1270,1062,712,1608,1116,1596
"2097",2228,1606,296,1113,716,1076,917,1079,1325,1133,811,1229,807,1536,423,1226,657,1261,952,1269,1183,1241,596,1788,975,1799
"187_4",1211,905,196,666,398,616,474,600,707,607,454,679,482,823,270,728,379,716,539,697,648,692,379,979,615,960
"143_2",1968,1383,239,891,582,817,744,809,1092,844,671,882,689,1094,358,937,538,920,803,902,980,896,495,1415,917,1377
"282_3",2688,2002,302,1198,784,1220,1128,1222,1625,1205,956,1380,946,1698,494,1393,774,1414,1156,1414,1434,1392,675,2098,1244,2085
"194_1",1324,1053,172,653,430,607,572,601,841,627,506,695,514,856,265,722,415,728,605,720,753,701,393,1061,657,1045
"134_3",1585,1315,298,729,583,688,736,694,1038,769,659,790,650,982,395,808,554,818,774,827,938,826,512,1240,809,1244
"222_1",1617,1298,215,699,566,649,705,641,1043,678,646,745,671,938,334,809,501,793,780,784,944,792,512,1223,837,1202
"106_1",1753,1539,363,830,762,749,943,747,1263,775,875,864,914,1041,514,930,710,916,992,904,1167,899,723,1390,1076,1365
"210_3",1023,736,130,459,292,437,392,435,564,461,341,492,341,631,180,512,275,513,415,513,509,515,253,779,434,781
"169_6",1153,781,146,540,351,503,431,501,624,530,391,555,396,700,218,570,317,571,460,569,556,563,293,865,502,851
"210_4",1344,960,152,648,407,616,539,606,795,634,480,701,487,880,236,727,372,732,580,728,715,721,360,1083,595,1080
"229_2",973,781,163,454,341,413,415,415,604,471,375,466,366,593,218,480,309,486,451,494,547,498,265,754,483,764
"115_3",757,517,105,319,233,305,304,304,430,325,267,343,268,428,144,358,218,360,317,361,389,363,195,549,338,556
"203_1",1114,801,140,400,373,339,477,347,678,425,427,431,429,559,210,460,333,462,493,469,610,481,281,773,530,778
"127_1",1908,1420,263,903,658,849,825,846,1181,921,752,979,764,1179,398,1018,593,1017,881,1024,1061,1040,563,1488,901,1497
"231_3",901,720,114,417,293,400,379,401,573,438,335,445,325,576,164,451,265,461,410,469,515,468,217,692,439,694
"148_1",1882,1359,250,981,576,947,728,944,1067,950,654,1029,649,1268,355,1048,532,1056,788,1045,964,1023,483,1503,850,1496
"2041",1998,1611,239,806,682,692,911,684,1337,784,804,875,808,1139,383,926,632,938,962,933,1206,917,593,1501,1003,1505
"291_1",1891,1361,250,1047,580,1013,765,1011,1087,1044,676,1121,678,1357,364,1157,540,1150,808,1149,977,1157,494,1525,854,1521
"187_3",1203,845,156,547,356,530,480,532,697,553,416,596,417,780,221,614,339,624,502,620,622,608,303,909,545,899
"2090",2158,1538,190,1122,574,1073,756,1067,1207,1114,666,1202,664,1481,308,1217,527,1238,849,1235,1071,1214,499,1773,920,1762
